-- MySQL dump 10.13  Distrib 8.4.6, for Linux (x86_64)
--
-- Host: localhost    Database: ch_upms
-- ------------------------------------------------------
-- Server version	8.4.6

/*!40101 SET @OLD_CHARACTER_SET_CLIENT=@@CHARACTER_SET_CLIENT */;
/*!40101 SET @OLD_CHARACTER_SET_RESULTS=@@CHARACTER_SET_RESULTS */;
/*!40101 SET @OLD_COLLATION_CONNECTION=@@COLLATION_CONNECTION */;
/*!50503 SET NAMES utf8mb4 */;
/*!40103 SET @OLD_TIME_ZONE=@@TIME_ZONE */;
/*!40103 SET TIME_ZONE='+00:00' */;
/*!40014 SET @OLD_UNIQUE_CHECKS=@@UNIQUE_CHECKS, UNIQUE_CHECKS=0 */;
/*!40014 SET @OLD_FOREIGN_KEY_CHECKS=@@FOREIGN_KEY_CHECKS, FOREIGN_KEY_CHECKS=0 */;
/*!40101 SET @OLD_SQL_MODE=@@SQL_MODE, SQL_MODE='NO_AUTO_VALUE_ON_ZERO' */;
/*!40111 SET @OLD_SQL_NOTES=@@SQL_NOTES, SQL_NOTES=0 */;

--
-- Table structure for table `auth_code`
--

DROP TABLE IF EXISTS `auth_code`;
/*!40101 SET @saved_cs_client     = @@character_set_client */;
/*!50503 SET character_set_client = utf8mb4 */;
CREATE TABLE `auth_code` (
  `id` bigint NOT NULL AUTO_INCREMENT COMMENT '主键ID',
  `code` varchar(64) CHARACTER SET utf8mb4 COLLATE utf8mb4_0900_ai_ci NOT NULL COMMENT '授权码',
  `content` text CHARACTER SET utf8mb4 COLLATE utf8mb4_0900_ai_ci NOT NULL COMMENT '授权内容(JSON)',
  `expire_time` datetime NOT NULL COMMENT '过期时间',
  `max_uses` int DEFAULT '1' COMMENT '最大使用次数',
  `used_count` int DEFAULT '0' COMMENT '已使用次数',
  `status` tinyint DEFAULT '1' COMMENT '状态 1有效 0失效 2撤销',
  `create_by` varchar(32) CHARACTER SET utf8mb4 COLLATE utf8mb4_0900_ai_ci NOT NULL COMMENT '创建人ID',
  `create_time` datetime NOT NULL COMMENT '创建时间',
  `update_time` datetime NOT NULL COMMENT '更新时间',
  PRIMARY KEY (`id`),
  UNIQUE KEY `code` (`code`)
) ENGINE=InnoDB DEFAULT CHARSET=utf8mb4 COLLATE=utf8mb4_0900_ai_ci COMMENT='通用授权码表';
/*!40101 SET character_set_client = @saved_cs_client */;

--
-- Dumping data for table `auth_code`
--

LOCK TABLES `auth_code` WRITE;
/*!40000 ALTER TABLE `auth_code` DISABLE KEYS */;
/*!40000 ALTER TABLE `auth_code` ENABLE KEYS */;
UNLOCK TABLES;

--
-- Table structure for table `auth_code_usage_record`
--

DROP TABLE IF EXISTS `auth_code_usage_record`;
/*!40101 SET @saved_cs_client     = @@character_set_client */;
/*!50503 SET character_set_client = utf8mb4 */;
CREATE TABLE `auth_code_usage_record` (
  `id` bigint NOT NULL AUTO_INCREMENT COMMENT '主键ID',
  `code` varchar(64) CHARACTER SET utf8mb4 COLLATE utf8mb4_0900_ai_ci NOT NULL COMMENT '授权码',
  `user_id` bigint NOT NULL COMMENT '使用人ID',
  `resource_type` varchar(32) CHARACTER SET utf8mb4 COLLATE utf8mb4_0900_ai_ci NOT NULL COMMENT '资源类型',
  `resource_id` varchar(64) CHARACTER SET utf8mb4 COLLATE utf8mb4_0900_ai_ci NOT NULL COMMENT '资源ID',
  `action` varchar(32) CHARACTER SET utf8mb4 COLLATE utf8mb4_0900_ai_ci NOT NULL COMMENT '操作类型',
  `use_time` datetime NOT NULL COMMENT '使用时间',
  `remark` varchar(255) CHARACTER SET utf8mb4 COLLATE utf8mb4_0900_ai_ci DEFAULT NULL COMMENT '备注',
  PRIMARY KEY (`id`)
) ENGINE=InnoDB DEFAULT CHARSET=utf8mb4 COLLATE=utf8mb4_0900_ai_ci COMMENT='授权码使用记录表';
/*!40101 SET character_set_client = @saved_cs_client */;

--
-- Dumping data for table `auth_code_usage_record`
--

LOCK TABLES `auth_code_usage_record` WRITE;
/*!40000 ALTER TABLE `auth_code_usage_record` DISABLE KEYS */;
/*!40000 ALTER TABLE `auth_code_usage_record` ENABLE KEYS */;
UNLOCK TABLES;

--
-- Table structure for table `bt_project`
--

DROP TABLE IF EXISTS `bt_project`;
/*!40101 SET @saved_cs_client     = @@character_set_client */;
/*!50503 SET character_set_client = utf8mb4 */;
CREATE TABLE `bt_project` (
  `ID` bigint NOT NULL AUTO_INCREMENT COMMENT '主键',
  `TENANT_ID` bigint DEFAULT NULL COMMENT '租户ID',
  `TENANT_NAME` varchar(200) DEFAULT NULL COMMENT '租户名称',
  `DEPARTMENT_ID` varchar(64) DEFAULT NULL COMMENT '部门ID',
  `DEPARTMENT_NAME` varchar(250) DEFAULT NULL COMMENT '部门名称',
  `NAME` varchar(50) DEFAULT NULL COMMENT '名称',
  `CODE` varchar(50) DEFAULT NULL COMMENT '代码',
  `DEPARTMENT` varchar(55) DEFAULT NULL COMMENT '所属部门',
  `MANAGER` varchar(55) DEFAULT NULL COMMENT '负责人',
  `SORT` int DEFAULT NULL COMMENT '排序',
  `DESCRIPTION` varchar(255) DEFAULT NULL COMMENT '描述',
  `STATUS` char(1) NOT NULL DEFAULT '0' COMMENT '状态：0.失效 1.生效',
  `DELETED` tinyint(1) NOT NULL DEFAULT '0' COMMENT '逻辑删除：0.否 1.是',
  `CREATE_AT` timestamp NOT NULL DEFAULT CURRENT_TIMESTAMP COMMENT '创建时间',
  `CREATE_BY` varchar(64) DEFAULT NULL COMMENT '创建人',
  `UPDATE_AT` datetime DEFAULT NULL COMMENT '更新时间',
  `UPDATE_BY` varchar(64) DEFAULT NULL COMMENT '更新人',
  PRIMARY KEY (`ID`),
  UNIQUE KEY `IDX_BT_P_CODE` (`TENANT_ID`,`CODE`),
  KEY `IDX_BT_P_DEPT_ID_CODE` (`DEPARTMENT_ID`,`CODE`),
  KEY `IDX_BT_P_STATUS` (`STATUS`)
) ENGINE=InnoDB AUTO_INCREMENT=41 DEFAULT CHARSET=utf8mb3 COMMENT='业务-项目表';
/*!40101 SET character_set_client = @saved_cs_client */;


--
-- Table structure for table `bt_tenant`
--

DROP TABLE IF EXISTS `bt_tenant`;
/*!40101 SET @saved_cs_client     = @@character_set_client */;
/*!50503 SET character_set_client = utf8mb4 */;
CREATE TABLE `bt_tenant` (
  `ID` bigint NOT NULL AUTO_INCREMENT COMMENT '主键',
  `DEPARTMENT_ID` varchar(55) DEFAULT NULL COMMENT '租户部门ID',
  `DEPARTMENT_NAME` varchar(250) DEFAULT NULL COMMENT '租户部门名称',
  `NAME` varchar(250) DEFAULT NULL COMMENT '租户别名',
  `MANAGER` text COMMENT '负责人',
  `SORT` int DEFAULT NULL COMMENT '排序',
  `DESCRIPTION` varchar(255) DEFAULT NULL COMMENT '描述',
  `STATUS` char(1) NOT NULL DEFAULT '0' COMMENT '状态：0.失效 1.生效',
  `DELETED` tinyint(1) NOT NULL DEFAULT '0' COMMENT '逻辑删除：0.否 1.是',
  `CREATE_AT` timestamp NOT NULL DEFAULT CURRENT_TIMESTAMP COMMENT '创建时间',
  `CREATE_BY` varchar(64) DEFAULT NULL COMMENT '创建人',
  `UPDATE_AT` datetime DEFAULT NULL COMMENT '更新时间',
  `UPDATE_BY` varchar(64) DEFAULT NULL COMMENT '更新人',
  PRIMARY KEY (`ID`),
  KEY `IDX_BT_T_STATUS` (`STATUS`),
  KEY `IDX_BT_T_CODE` (`DEPARTMENT_ID`) USING BTREE
) ENGINE=InnoDB AUTO_INCREMENT=13 DEFAULT CHARSET=utf8mb3 COMMENT='业务-租户表';
/*!40101 SET character_set_client = @saved_cs_client */;

--
-- Table structure for table `lt_op_record`
--

DROP TABLE IF EXISTS `lt_op_record`;
/*!40101 SET @saved_cs_client     = @@character_set_client */;
/*!50503 SET character_set_client = utf8mb4 */;
CREATE TABLE `lt_op_record` (
  `ID` bigint NOT NULL AUTO_INCREMENT COMMENT '主键',
  `URL` varchar(250) CHARACTER SET utf8mb3 COLLATE utf8mb3_general_ci DEFAULT NULL COMMENT '请求地址',
  `METHOD` varchar(50) CHARACTER SET utf8mb3 COLLATE utf8mb3_general_ci NOT NULL COMMENT '请求方法',
  `REQUEST` longtext CHARACTER SET utf8mb3 COLLATE utf8mb3_general_ci COMMENT '请求信息',
  `PROXY` longtext CHARACTER SET utf8mb3 COLLATE utf8mb3_general_ci COMMENT '代理信息',
  `RESPONSE` longtext CHARACTER SET utf8mb3 COLLATE utf8mb3_general_ci COMMENT '响应信息',
  `AUTH_CODE` varchar(255) CHARACTER SET utf8mb3 COLLATE utf8mb3_general_ci DEFAULT NULL COMMENT '请求权限',
  `STATUS` int DEFAULT NULL COMMENT '响应状态',
  `OPERATOR` varchar(64) CHARACTER SET utf8mb3 COLLATE utf8mb3_general_ci DEFAULT NULL COMMENT '请求用户',
  `REQUEST_TIME` bigint NOT NULL COMMENT '请求时间',
  `RESPONSE_TIME` bigint NOT NULL COMMENT '响应时间',
  `REQUEST_IP` varchar(255) CHARACTER SET utf8mb3 COLLATE utf8mb3_general_ci DEFAULT NULL COMMENT '请求IP',
  `ERROR_CODE` varchar(10) CHARACTER SET utf8mb3 COLLATE utf8mb3_general_ci DEFAULT NULL COMMENT '错误代码',
  `ERROR_MESSAGE` varchar(255) CHARACTER SET utf8mb3 COLLATE utf8mb3_general_ci DEFAULT NULL COMMENT '错误消息',
  PRIMARY KEY (`ID`),
  KEY `IDX_LT_OR_AC` (`AUTH_CODE`) USING BTREE,
  KEY `IDX_LT_OR_OPERATOR` (`OPERATOR`) USING BTREE,
  KEY `IDX_LT_OR_U_S` (`URL`,`STATUS`) USING BTREE
) ENGINE=InnoDB DEFAULT CHARSET=utf8mb3 COMMENT='日志表-操作记录';
/*!40101 SET character_set_client = @saved_cs_client */;

--
-- Dumping data for table `lt_op_record`
--

LOCK TABLES `lt_op_record` WRITE;
/*!40000 ALTER TABLE `lt_op_record` DISABLE KEYS */;
/*!40000 ALTER TABLE `lt_op_record` ENABLE KEYS */;
UNLOCK TABLES;

--
-- Table structure for table `lt_op_record_202508`
--

--
-- Table structure for table `mt_dict`
--

DROP TABLE IF EXISTS `mt_dict`;
/*!40101 SET @saved_cs_client     = @@character_set_client */;
/*!50503 SET character_set_client = utf8mb4 */;
CREATE TABLE `mt_dict` (
  `id` bigint NOT NULL AUTO_INCREMENT COMMENT '字典主键',
  `pid` bigint DEFAULT '0' COMMENT '上级id',
  `name` varchar(100) CHARACTER SET utf8mb3 COLLATE utf8mb3_unicode_ci DEFAULT '' COMMENT '字典名称',
  `code` varchar(100) CHARACTER SET utf8mb3 COLLATE utf8mb3_unicode_ci DEFAULT '' COMMENT '字典类型',
  `sort` int DEFAULT '1' COMMENT '显示顺序',
  `remark` varchar(500) CHARACTER SET utf8mb3 COLLATE utf8mb3_unicode_ci DEFAULT NULL COMMENT '备注',
  `status` char(1) CHARACTER SET utf8mb3 COLLATE utf8mb3_unicode_ci DEFAULT '1' COMMENT '状态（0停用 1正常）',
  `deleted` tinyint(1) DEFAULT '0' COMMENT '删除标志（0代表存在 1代表删除）',
  `create_by` varchar(64) CHARACTER SET utf8mb3 COLLATE utf8mb3_unicode_ci DEFAULT '' COMMENT '创建者',
  `create_at` timestamp NOT NULL DEFAULT CURRENT_TIMESTAMP COMMENT '创建时间',
  `update_by` varchar(64) CHARACTER SET utf8mb3 COLLATE utf8mb3_unicode_ci DEFAULT '' COMMENT '更新者',
  `update_at` timestamp NULL DEFAULT CURRENT_TIMESTAMP ON UPDATE CURRENT_TIMESTAMP COMMENT '更新时间',
  PRIMARY KEY (`id`) USING BTREE,
  UNIQUE KEY `uk_pid_code` (`pid`,`code`) USING BTREE
) ENGINE=InnoDB AUTO_INCREMENT=177 DEFAULT CHARSET=utf8mb3 COLLATE=utf8mb3_unicode_ci ROW_FORMAT=DYNAMIC COMMENT='数据字典表';
/*!40101 SET character_set_client = @saved_cs_client */;

--
-- Dumping data for table `mt_dict`
--

LOCK TABLES `mt_dict` WRITE;
/*!40000 ALTER TABLE `mt_dict` DISABLE KEYS */;
INSERT INTO `mt_dict` VALUES (1,0,'状态','status',1,NULL,'1',0,'admin','2020-07-05 16:58:40','admin','2020-07-05 16:58:40'),
(2,1,'001001','001001',11,NULL,'0',1,'admin','2020-07-05 16:58:40','admin','2020-07-06 06:17:21'),
(3,1,'禁用','0',2,NULL,'1',0,'admin','2020-07-05 16:59:00','admin','2020-07-06 06:08:16'),
(4,0,'性别','sex',1,NULL,'1',0,'admin','2020-07-06 05:54:00','admin','2020-07-06 05:54:00'),
(5,4,'男','1',1,NULL,'1',0,'admin','2020-07-06 05:54:01','admin','2020-07-06 05:54:01'),
(6,1,'启用','1',1,NULL,'1',0,'admin','2020-07-06 06:02:54','admin','2020-07-06 06:08:16'),
(7,4,'女','2',2,NULL,'1',0,'admin','2020-07-15 16:49:35','admin','2020-07-15 16:49:35'),
(8,4,'未知','3',3,NULL,'1',0,'admin','2020-07-15 16:50:52','admin','2020-07-15 16:50:52');
/*!40000 ALTER TABLE `mt_dict` ENABLE KEYS */;
UNLOCK TABLES;

--
-- Table structure for table `rt_user_project`
--

DROP TABLE IF EXISTS `rt_user_project`;
/*!40101 SET @saved_cs_client     = @@character_set_client */;
/*!50503 SET character_set_client = utf8mb4 */;
CREATE TABLE `rt_user_project` (
  `PROJECT_ID` bigint NOT NULL COMMENT '项目ID',
  `USER_ID` varchar(50) CHARACTER SET utf8mb3 COLLATE utf8mb3_general_ci NOT NULL COMMENT '用户名/ID',
  `ROLE` varchar(50) CHARACTER SET utf8mb3 COLLATE utf8mb3_general_ci NOT NULL COMMENT '角色：DEV（开发），TEST（测试），OPS（运维）',
  PRIMARY KEY (`PROJECT_ID`,`USER_ID`,`ROLE`),
  KEY `IDX_RT_PU_UID` (`USER_ID`) USING BTREE
) ENGINE=InnoDB DEFAULT CHARSET=utf8mb3 COMMENT='关系-项目与用户表';
/*!40101 SET character_set_client = @saved_cs_client */;

--
-- Table structure for table `st_department`
--

DROP TABLE IF EXISTS `st_department`;
/*!40101 SET @saved_cs_client     = @@character_set_client */;
/*!50503 SET character_set_client = utf8mb4 */;
CREATE TABLE `st_department` (
  `id` bigint NOT NULL AUTO_INCREMENT COMMENT '部门id',
  `pid` bigint DEFAULT NULL COMMENT '上级部门id',
  `parent_id` varchar(150) CHARACTER SET utf8mb3 COLLATE utf8mb3_unicode_ci DEFAULT '' COMMENT '上级部门ids',
  `parent_name` varchar(254) CHARACTER SET utf8mb3 COLLATE utf8mb3_unicode_ci DEFAULT NULL COMMENT '上级部门名称',
  `name` varchar(152) CHARACTER SET utf8mb3 COLLATE utf8mb3_unicode_ci DEFAULT '' COMMENT '部门名称',
  `dept_type` int DEFAULT NULL COMMENT '部门类型：0集团 1公司 2部门 3团队',
  `sort` int DEFAULT '1' COMMENT '显示顺序',
  `leader` varchar(20) CHARACTER SET utf8mb3 COLLATE utf8mb3_unicode_ci DEFAULT NULL COMMENT '负责人',
  `phone` varchar(11) CHARACTER SET utf8mb3 COLLATE utf8mb3_unicode_ci DEFAULT NULL COMMENT '联系电话',
  `email` varchar(50) CHARACTER SET utf8mb3 COLLATE utf8mb3_unicode_ci DEFAULT NULL COMMENT '邮箱',
  `status` char(1) CHARACTER SET utf8mb3 COLLATE utf8mb3_unicode_ci DEFAULT '0' COMMENT '部门状态（0正常 1停用）',
  `deleted` tinyint(1) DEFAULT '0' COMMENT '删除标志（0代表存在 1代表删除）',
  `create_by` varchar(64) CHARACTER SET utf8mb3 COLLATE utf8mb3_unicode_ci DEFAULT '' COMMENT '创建者',
  `create_at` timestamp NOT NULL DEFAULT CURRENT_TIMESTAMP COMMENT '创建时间',
  `update_by` varchar(64) CHARACTER SET utf8mb3 COLLATE utf8mb3_unicode_ci DEFAULT '' COMMENT '更新者',
  `update_at` timestamp NULL DEFAULT CURRENT_TIMESTAMP ON UPDATE CURRENT_TIMESTAMP COMMENT '更新时间',
  PRIMARY KEY (`id`) USING BTREE,
  KEY `idx_pid` (`parent_id`) USING BTREE
) ENGINE=InnoDB AUTO_INCREMENT=23 DEFAULT CHARSET=utf8mb3 COLLATE=utf8mb3_unicode_ci ROW_FORMAT=DYNAMIC COMMENT='部门表';
/*!40101 SET character_set_client = @saved_cs_client */;

--
-- Dumping data for table `st_department`
--

LOCK TABLES `st_department` WRITE;
/*!40000 ALTER TABLE `st_department` DISABLE KEYS */;
INSERT INTO `st_department` VALUES (1,0,'0',NULL,'xxx公司',0,1,'admin','17600800001',NULL,'1',0,'sys','2020-07-03 06:24:05','admin','2022-07-27 22:39:12');
/*!40000 ALTER TABLE `st_department` ENABLE KEYS */;
UNLOCK TABLES;

--
-- Table structure for table `st_department_position`
--

DROP TABLE IF EXISTS `st_department_position`;
/*!40101 SET @saved_cs_client     = @@character_set_client */;
/*!50503 SET character_set_client = utf8mb4 */;
CREATE TABLE `st_department_position` (
  `department_id` bigint NOT NULL COMMENT '组织ID',
  `position_id` bigint NOT NULL COMMENT '职位ID',
  `position_amount` int DEFAULT '1' COMMENT '职位配额',
  PRIMARY KEY (`department_id`,`position_id`) USING BTREE
) ENGINE=InnoDB DEFAULT CHARSET=utf8mb3 COLLATE=utf8mb3_unicode_ci ROW_FORMAT=DYNAMIC COMMENT='组织和职位关联表';
/*!40101 SET character_set_client = @saved_cs_client */;


--
-- Table structure for table `st_menu`
--

DROP TABLE IF EXISTS `st_menu`;
/*!40101 SET @saved_cs_client     = @@character_set_client */;
/*!50503 SET character_set_client = utf8mb4 */;
CREATE TABLE `st_menu` (
  `ID` bigint NOT NULL AUTO_INCREMENT COMMENT '主键ID',
  `PARENT_ID` varchar(80) CHARACTER SET utf8mb3 COLLATE utf8mb3_general_ci DEFAULT NULL COMMENT '上级菜单ID',
  `PARENT_NAME` varchar(180) CHARACTER SET utf8mb3 COLLATE utf8mb3_general_ci DEFAULT NULL COMMENT '上级菜单ID',
  `NAME` varchar(32) CHARACTER SET utf8mb3 COLLATE utf8mb3_general_ci NOT NULL COMMENT '菜单名称',
  `CODE` varchar(64) CHARACTER SET utf8mb3 COLLATE utf8mb3_general_ci NOT NULL COMMENT '菜单代码',
  `ICON` varchar(64) CHARACTER SET utf8mb3 COLLATE utf8mb3_general_ci DEFAULT NULL COMMENT '图标代码',
  `URL` varchar(150) CHARACTER SET utf8mb3 COLLATE utf8mb3_general_ci DEFAULT NULL COMMENT '地址',
  `METHOD` varchar(50) CHARACTER SET utf8mb3 COLLATE utf8mb3_general_ci DEFAULT NULL COMMENT '请求方法',
  `SORT` int DEFAULT '0' COMMENT '菜单顺序',
  `TYPE` char(1) CHARACTER SET utf8mb3 COLLATE utf8mb3_general_ci NOT NULL DEFAULT '2' COMMENT '类型: C.目录 M.菜单 B.按钮)',
  `DESCRIPTION` varchar(255) CHARACTER SET utf8mb3 COLLATE utf8mb3_general_ci DEFAULT NULL COMMENT '描述',
  `STATUS` char(1) CHARACTER SET utf8mb3 COLLATE utf8mb3_general_ci NOT NULL DEFAULT '1' COMMENT '状态: 0.禁用 1.启用',
  `CREATE_BY` varchar(64) CHARACTER SET utf8mb3 COLLATE utf8mb3_general_ci DEFAULT NULL COMMENT '创建人',
  `CREATE_AT` datetime NOT NULL DEFAULT CURRENT_TIMESTAMP COMMENT '创建时间',
  `UPDATE_BY` varchar(64) CHARACTER SET utf8mb3 COLLATE utf8mb3_general_ci DEFAULT NULL COMMENT '更新人',
  `UPDATE_AT` datetime DEFAULT NULL COMMENT '更新时间',
  PRIMARY KEY (`ID`) USING BTREE,
  UNIQUE KEY `UK_ST_M_CODE` (`CODE`) USING BTREE,
  KEY `IDX_ST_M_PID` (`PARENT_ID`) USING BTREE,
  KEY `IDX_ST_M_URL` (`URL`) USING BTREE
) ENGINE=InnoDB AUTO_INCREMENT=30 DEFAULT CHARSET=utf8mb3 ROW_FORMAT=DYNAMIC COMMENT='系统表-菜单';
/*!40101 SET character_set_client = @saved_cs_client */;

--
-- Dumping data for table `st_menu`
--

LOCK TABLES `st_menu` WRITE;
/*!40000 ALTER TABLE `st_menu` DISABLE KEYS */;
INSERT INTO `st_menu` VALUES (1,'0','','系统管理','upms',NULL,'upms',NULL,1,'C',NULL,'1',NULL,'2020-09-08 08:48:27',NULL,'2020-09-09 22:52:17'),
(2,'1','系统管理','用户管理','upmsUser',NULL,'user',NULL,1,'M',NULL,'1',NULL,'2020-09-09 22:53:42',NULL,'2020-09-09 23:50:19'),
(3,'1','系统管理','角色管理','upmsRole',NULL,'role',NULL,2,'M',NULL,'1',NULL,'2020-09-09 23:31:50',NULL,'2020-09-09 23:50:53'),
(4,'1','系统管理','权限管理','upmsPermission',NULL,'permission',NULL,3,'M',NULL,'1',NULL,'2020-09-09 23:32:18',NULL,'2020-09-09 23:50:59'),
(5,'1','系统管理','部门管理','upmsDepartment',NULL,'department',NULL,4,'M',NULL,'1',NULL,'2020-09-09 23:38:40',NULL,'2020-09-09 23:51:06'),
(6,'1','系统管理','职位管理','upmsPosition',NULL,'position',NULL,5,'M',NULL,'1',NULL,'2020-09-09 23:39:33',NULL,'2020-09-09 23:51:10'),
(7,'1','系统管理','数据字典','upmsDict',NULL,'dict',NULL,6,'M',NULL,'1',NULL,'2020-09-09 23:43:58',NULL,'2020-09-09 23:57:02'),
(8,'1,2','系统管理,用户管理','查询用户-分页','upmsUserSearchPage',NULL,'/api/v1/user/{page:[0-9]+}/{size:[0-9]+}','GET',1,'B',NULL,'1',NULL,'2020-09-10 00:00:13',NULL,'2020-09-19 14:24:18'),
(9,'1,2','系统管理,用户管理','新增用户','upmsUserAdd',NULL,'/api/v1/user','POST',2,'B',NULL,'1',NULL,'2020-09-10 06:56:13',NULL,'2020-09-19 14:25:15'),
(10,'1,2','系统管理,用户管理','编辑用户','upmsUserEdit',NULL,'/api/v1/user/{id:[0-9]+}','PUT',3,'B',NULL,'1',NULL,'2020-09-10 07:21:59',NULL,'2020-09-19 14:25:19'),
(11,'1,5','系统管理,部门管理','新增部门','upmsDepartmentAdd',NULL,'/api/v1/department',NULL,1,'B',NULL,'1',NULL,'2020-09-19 01:05:58',NULL,'2020-09-19 01:05:58'),
(12,'1,5','系统管理,部门管理','编辑部门','upmsDepartmentEdit',NULL,'/api/v1/department/{id:[0-9]+}',NULL,2,'B',NULL,'1',NULL,'2020-09-19 01:06:25',NULL,'2020-09-19 01:06:25'),
(13,'1,5','系统管理,部门管理','删除部门','upmsDepartmentDel',NULL,'/api/v1/department/{id:[0-9]+}',NULL,3,'B',NULL,'1',NULL,'2020-09-19 01:06:42',NULL,'2020-09-19 01:06:42'),
(14,'1,5','系统管理,部门管理','分配部门职位','upmsDepartmentPostSave',NULL,'/api/v1/department/{id:[0-9]+}/positions',NULL,5,'B',NULL,'1',NULL,'2020-09-19 09:59:49',NULL,'2020-09-19 14:53:18'),
(15,'1,3','系统管理,角色管理','查询角色-分页','upmsRoleSearchPage',NULL,'/api/v1/role/{page:[0-9]+}/{size:[0-9]+}','GET',1,'B',NULL,'1',NULL,'2020-09-19 14:26:21',NULL,'2020-09-19 14:26:21'),
(16,'1,3','系统管理,角色管理','新增角色','upmsRoleAdd',NULL,'/api/v1/role','POST',2,'B',NULL,'1',NULL,'2020-09-19 14:29:30',NULL,'2020-09-19 14:29:30'),
(17,'1,3','系统管理,角色管理','编辑角色','upmsRoleEdit',NULL,'/api/v1/role/{id:[0-9]+}','PUT',4,'B',NULL,'1',NULL,'2020-09-19 14:30:34',NULL,'2020-09-19 14:30:34'),
(18,'1,2','系统管理,用户管理','分配角色','upmsUserRolesSave',NULL,'/api/v1/user/{id:[0-9]+}/roles','PUT',5,'B',NULL,'1',NULL,'2020-09-19 14:40:15',NULL,'2020-09-19 14:40:15'),
(19,'1,2','系统管理,用户管理','获取角色','upmsUserRolesGet',NULL,'/api/v1/user/{id:[0-9]+}/roles','GET',4,'B',NULL,'1',NULL,'2020-09-19 14:40:58',NULL,'2020-09-19 14:40:58'),
(20,'1,3','系统管理,角色管理','查询分配权限','upmsRolePermissionsGet',NULL,'/api/v1/role/{id:[0-9]+}/permissions','GET',5,'B',NULL,'1',NULL,'2020-09-19 14:41:47',NULL,'2020-09-19 14:42:25'),
(21,'1,3','系统管理,角色管理','分配权限','upmsRolePermissionsSave',NULL,'/api/v1/role/{id:[0-9]+}/permissions','PUT',6,'B',NULL,'1',NULL,'2020-09-19 14:42:07',NULL,'2020-09-19 14:42:07'),
(22,'1,4','系统管理,权限管理','查询权限-分页','upmsPermissionSearchPage',NULL,'/api/v1/permission/{page:[0-9]+}/{size:[0-9]+}','GET',1,'B',NULL,'1',NULL,'2020-09-19 14:46:27',NULL,'2020-09-19 14:46:27'),
(23,'1,4','系统管理,权限管理','新增权限','upmsPermissionAdd',NULL,'/api/v1/permission','POST',2,'B',NULL,'1',NULL,'2020-09-19 14:47:43',NULL,'2020-09-19 14:47:43'),
(24,'1,4','系统管理,权限管理','编辑权限','upmsPermissionEdit',NULL,'/api/v1/permission/{id:[0-9]+}','PUT',3,'B',NULL,'1',NULL,'2020-09-19 14:48:11',NULL,'2020-09-19 14:48:26'),
(25,'1,5','系统管理,部门管理','获取部门职位','upmsDepartmentPostGet',NULL,'/api/v1/department/{id:[0-9]+}/positions','GET',4,'B',NULL,'1',NULL,'2020-09-19 14:51:59',NULL,'2020-09-19 14:53:09'),
(26,'1,5','系统管理,部门管理','获取组织树','upmsDepartmentTreeGet',NULL,'/api/v1/department/t2/{type}','GET',11,'B',NULL,'1',NULL,'2020-09-19 14:57:17',NULL,'2020-09-19 14:57:44'),
(27,'1,6','系统管理,职位管理','查询职位-分页','upmsPositionSearchPage',NULL,'/api/v1/position/{page:[0-9]+}/{size:[0-9]+}','GET',1,'B',NULL,'1',NULL,'2020-09-19 14:58:38',NULL,'2020-09-19 14:58:38'),
(28,'1,6','系统管理,职位管理','新增职位','upmsPositionAdd',NULL,'/api/v1/position','POST',2,'B',NULL,'1',NULL,'2020-09-19 14:59:12',NULL,'2020-09-19 14:59:12'),
(29,'1,6','系统管理,职位管理','编辑职位','upmsPositionEdit',NULL,'/api/v1/position/{id:[0-9]+}','PUT',5,'B',NULL,'1',NULL,'2020-09-19 14:59:41',NULL,'2020-09-19 14:59:41');
/*!40000 ALTER TABLE `st_menu` ENABLE KEYS */;
UNLOCK TABLES;

--
-- Table structure for table `st_permission`
--

DROP TABLE IF EXISTS `st_permission`;
/*!40101 SET @saved_cs_client     = @@character_set_client */;
/*!50503 SET character_set_client = utf8mb4 */;
CREATE TABLE `st_permission` (
  `ID` bigint NOT NULL AUTO_INCREMENT COMMENT '主键ID',
  `TYPE` varchar(10) DEFAULT NULL COMMENT '类型(1.目录 2.菜单页 3.按钮)',
  `NAME` varchar(50) NOT NULL COMMENT '名称',
  `CODE` varchar(64) NOT NULL COMMENT '代码',
  `URL` varchar(150) DEFAULT NULL COMMENT '链接地址',
  `REDIRECT` varchar(150) DEFAULT NULL COMMENT '转发地址',
  `ICON` varchar(30) DEFAULT NULL COMMENT '图标',
  `SORT` int NOT NULL DEFAULT '0' COMMENT '菜单顺序',
  `hidden` tinyint(1) NOT NULL DEFAULT '0' COMMENT '是否隐藏(0.否 1.是)',
  `enable_cookie` tinyint(1) NOT NULL DEFAULT '0' COMMENT '是否开始Cookie(0.否 1.是)',
  `IS_SYS` tinyint(1) NOT NULL DEFAULT '0' COMMENT '是否为系统权限(0.否 1.是)',
  `PARENT_ID` varchar(64) DEFAULT NULL COMMENT '上级菜单ID',
  `PARENT_NAME` varchar(20) DEFAULT NULL,
  `METHOD` varchar(50) DEFAULT NULL COMMENT '请求方法',
  `STATUS` char(1) NOT NULL DEFAULT '1' COMMENT '状态: 0.禁用 1.启用',
  `deleted` tinyint(1) DEFAULT '0' COMMENT '删除标志（0代表存在 1代表删除）',
  `CREATE_BY` varchar(64) DEFAULT NULL COMMENT '创建人',
  `CREATE_AT` timestamp NOT NULL DEFAULT CURRENT_TIMESTAMP COMMENT '创建时间',
  `UPDATE_BY` varchar(64) DEFAULT NULL COMMENT '更新人',
  `UPDATE_AT` datetime DEFAULT NULL COMMENT '更新时间',
  PRIMARY KEY (`ID`) USING BTREE,
  UNIQUE KEY `UK_ST_P_CODE` (`CODE`) USING BTREE,
  KEY `IDX_ST_P_URL` (`URL`) USING BTREE
) ENGINE=InnoDB AUTO_INCREMENT=533 DEFAULT CHARSET=utf8mb3 ROW_FORMAT=DYNAMIC COMMENT='后台权限表';
/*!40101 SET character_set_client = @saved_cs_client */;

--
-- Dumping data for table `st_permission`
--

LOCK TABLES `st_permission` WRITE;
/*!40000 ALTER TABLE `st_permission` DISABLE KEYS */;
INSERT INTO `st_permission` VALUES (1,'1','系统管理','Upms','upms','/upms/user','user',1,0,0,1,'0',NULL,NULL,'1',0,NULL,'2018-07-27 17:35:33','admin','2020-10-01 14:37:26'),
(2,'2','用户管理','UpmsUser','user',NULL,NULL,1,0,0,1,'1','系统管理',NULL,'1',0,NULL,'2018-07-27 17:35:33',NULL,NULL),
(3,'2','角色管理','UpmsRole','role',NULL,NULL,2,0,0,1,'1','系统管理',NULL,'1',0,NULL,'2018-07-27 17:35:33','admin','2020-10-01 14:41:55'),
(4,'2','权限管理','UpmsPermission','permission',NULL,NULL,3,0,0,1,'1','系统管理',NULL,'1',0,NULL,'2018-07-27 17:35:33','admin','2020-10-01 14:41:41'),
(5,'3','分页查询用户','UPMS_USER_PAGE_SEARCH','/upms/user/{page:[0-9]+}/{size:[0-9]+}',NULL,NULL,0,1,0,1,'1,2','用户管理','GET','1',0,NULL,'2018-07-27 17:35:33','admin','2020-07-04 11:54:08'),
(6,'3','添加用户','UPMS_USER_ADD','/upms/user',NULL,NULL,1,1,0,1,'1,2','用户管理','POST','1',0,NULL,'2018-07-27 17:35:33','admin','2020-07-04 11:54:21'),
(7,'3','修改用户','UPMS_USER_EDIT','/upms/user/{id:[0-9]+}',NULL,NULL,2,1,0,1,'1,2','用户管理','PUT','1',0,NULL,'2018-07-27 17:35:33','admin','2020-07-04 11:54:32'),
(8,'3','查询用户详细','UPMS_USER_DETAIL','/upms/user/{id:[0-9]+}',NULL,NULL,3,1,0,1,'1,2','用户管理','GET','1',0,NULL,'2018-07-27 17:35:33','admin','2020-07-04 11:55:10'),
(9,'3','删除用户','UPMS_USER_DELETE','/upms/user/{id:[0-9]+}',NULL,NULL,4,1,0,1,'1,2','用户管理','DELETE','1',0,NULL,'2018-07-27 17:35:33','admin','2020-07-04 11:54:55'),
(10,'3','用户角色授权','UPMS_USER_ROLE','/upms/user/{id:[0-9]+}/roles',NULL,NULL,5,1,0,1,'1,2','用户管理','','1',0,NULL,'2018-07-27 17:35:33',NULL,NULL),
(11,'3','分页查询角色','UPMS_ROLE_PAGE_SEARCH','/upms/role/{page:[0-9]+}/{size:[0-9]+}',NULL,NULL,0,1,0,1,'1,3','角色管理','GET','1',0,NULL,'2018-07-27 17:35:33','admin','2020-07-04 11:58:02'),
(12,'3','添加角色','UPMS_ROLE_ADD','/upms/role',NULL,NULL,1,1,0,1,'1,3','角色管理','POST','1',0,NULL,'2018-07-27 17:35:33','admin','2020-07-04 11:57:36'),
(13,'3','修改角色','UPMS_ROLE_EDIT','/upms/role/{id:[0-9]+}',NULL,NULL,2,1,0,1,'1,3','角色管理','PUT','1',0,NULL,'2018-07-27 17:35:33','admin','2020-07-04 11:57:29'),
(14,'3','查询角色详细','UPMS_ROLE_DETAIL','/upms/role/{id:[0-9]+}',NULL,NULL,3,1,0,1,'1,3','角色管理','GET','1',0,NULL,'2018-07-27 17:35:33','admin','2020-07-04 11:58:25'),
(15,'3','删除角色','UPMS_ROLE_DELETE','/upms/role/{id:[0-9]+}',NULL,NULL,4,1,0,1,'1,3','角色管理','DELETE','1',0,NULL,'2018-07-27 17:35:33','admin','2020-07-04 11:57:20'),
(16,'3','分配角色权限','UPMS_ROLE_PERMISSION','/upms/role/{id:[0-9]+}/permissions',NULL,NULL,5,1,0,1,'1,3','角色管理','POST','1',0,NULL,'2018-07-27 17:35:33','admin','2021-12-02 11:11:11'),
(17,'3','分页查询权限','UPMS_PERMISSION_PAGE_SEARCH','/upms/permission/{page:[0-9]+}/{size:[0-9]+}',NULL,NULL,0,1,0,1,'1,4','权限管理','GET','1',0,NULL,'2018-07-27 17:35:33','admin','2020-07-04 11:58:43'),
(18,'3','添加权限','UPMS_PERMISSION_ADD','/upms/permission',NULL,NULL,1,1,0,1,'1,4','权限管理','POST','1',0,NULL,'2018-07-27 17:35:33','admin','2020-07-04 11:58:52'),
(19,'3','修改权限','UPMS_PERMISSION_EDIT','/upms/permission/{id:[0-9]+}',NULL,NULL,2,1,0,1,'1,4','权限管理','PUT','1',0,NULL,'2018-07-27 17:35:33','admin','2020-07-04 11:59:00'),
(20,'3','查询权限详细','UPMS_PERMISSION_DETAIL','/upms/permission/{id:[0-9]+}',NULL,NULL,3,1,0,1,'1,4','权限管理','GET','1',0,NULL,'2018-07-27 17:35:33','admin','2020-07-04 11:59:37'),
(21,'3','删除权限','UPMS_PERMISSION_DELETE','/upms/permission/{id:[0-9]+}',NULL,NULL,4,1,0,1,'1,4','权限管理','DELETE','1',0,NULL,'2018-07-27 17:35:33','admin','2020-07-04 11:59:09'),
(22,'2','分类管理','WikiCategory','category',NULL,NULL,11,1,0,0,'36,201','基础管理','业务系统','1',0,'admin','2017-03-17 15:18:37','admin','2020-04-04 12:23:54'),
(23,'2','数据字典','SYS_PROJECT_DICT','dict',NULL,NULL,8,1,0,0,'119,130','业务系统管理','数据字典','1',1,'admin','2017-03-17 15:35:34','admin','2019-12-05 14:24:47'),
(24,'1','日志管理','Logs','logs','/logs/login','log',3,1,0,0,'0',NULL,'','1',0,'admin','2018-07-28 03:06:11','admin','2022-04-10 08:28:14'),
(25,'2','实例管理','CanalInstance','instance',NULL,NULL,3,0,0,0,'94','Canal管理','','1',0,'admin','2018-07-28 03:34:35','admin','2020-10-03 05:13:01'),
(26,'2','项目管理','SYS_PROJECT','code',NULL,NULL,1,0,0,0,'119,130','运营管理','','1',0,'admin','2018-07-28 04:20:55','admin','2021-06-11 13:16:49'),
(27,'3','添加','CANAL_CLUSTERS_ADD','/canal/{env:[a-zA-Z_0-9]+}/cluster',NULL,NULL,2,1,0,0,'94,29','集群管理','POST','1',0,'admin','2018-08-04 13:12:44','admin','2020-06-06 08:28:05'),
(28,'2','操作日志','LogsOperate','operate',NULL,NULL,2,0,0,0,'24','日志管理','123','1',0,'admin','2018-08-05 08:27:18','admin','2021-09-27 11:58:36'),
(29,'2','集群管理','CanalCluster','cluster',NULL,NULL,1,0,0,0,'94','Canal管理','','1',0,'admin','2018-08-06 02:34:32','admin','2020-10-03 05:12:44'),
(30,'2','服务管理','CanalServer','server',NULL,NULL,2,0,0,0,'94','Canal管理','','1',0,'admin','2018-08-06 02:36:52','admin','2020-10-03 05:12:54'),
(31,'3','角色应用分配','UPMS_ROLE_SYS','/role/sys',NULL,NULL,10,1,0,0,'1,3','角色管理','','0',0,'admin','2018-08-06 03:04:48','admin','2021-12-02 11:11:27'),
(32,'2','项目版本','SYS_PROJECT_VERSION','version',NULL,NULL,2,1,0,0,'119,130','业务系统管理','','1',0,'admin','2018-08-06 07:31:14','admin','2019-11-10 20:25:16'),
(33,'2','数据源','IaaSDataSource','datasource',NULL,NULL,3,0,0,0,'119,337','IaaS管理','','1',0,'admin','2018-08-06 07:31:55','admin','2021-01-30 05:33:18'),
(34,'2','SQL脚本','SYS_PROJECT_SQL','sql',NULL,NULL,3,1,0,0,'119,130','业务系统管理','1','1',0,'admin','2018-08-06 07:32:41','admin','2019-11-10 16:05:18'),
(35,'3','初始化用户密码','UPMS_USER_PASSWORD_INIT','/upms/user/{id:[0-9]+}/initPwd',NULL,NULL,6,1,0,0,'1,2','用户管理','POST','1',0,'admin','2018-08-10 09:59:54','admin','2020-07-04 11:56:31'),
(36,'1','极客管理','Wiki','wiki','/wiki/base/user','education',5,1,0,0,'0',NULL,'','0',1,'admin','2018-08-11 02:52:15','admin','2022-05-30 08:41:06'),
(37,'2','添加书籍章节','WikiBookChapterAdd','bookChapterAdd','/wiki/books/chapter',NULL,112,1,0,0,'36,203','运营管理','GET','1',0,'admin','2018-08-11 02:53:26','admin','2020-10-02 15:20:38'),
(38,'3','添加','SYS_PROJECT_CODE_ADD','/sys/project/code',NULL,NULL,2,1,0,0,'119,130,26','系统代码','POST','1',0,'admin','2018-08-11 02:55:42','admin','2019-11-05 11:11:42'),
(39,'3','分页查询','SYS_PROJECT_CODE_PAGE_SEARCH','/sys/project/code/{page:[0-9]+}/{size:[0-9]+}',NULL,NULL,1,0,0,0,'119,130,26','系统代码','GET','1',0,'admin','2018-08-11 03:09:22','admin','2019-11-05 11:10:36'),
(40,'3','修改','SYS_PROJECT_CODE_EDIT','/sys/project/code/{id:[0-9]+}',NULL,NULL,3,1,0,0,'119,130,26','系统代码','PUT','1',0,'admin','2018-08-11 03:11:20','admin','2019-11-05 11:11:02'),
(41,'3','删除','SYS_PROJECT_CODE_DEL','/sys/project/code/{id:[0-9]+}',NULL,NULL,4,1,0,0,'119,130,26','系统代码','DELETE','1',0,'admin','2018-08-11 03:11:47','admin','2019-11-05 11:11:26'),
(42,'3','添加','SYS_PROJECT_VERSION_ADD','/sys/project/version',NULL,NULL,2,1,0,0,'119,130,32','系统版本','POST','1',0,'admin','2018-08-11 05:54:27','admin','2019-11-05 11:13:38'),
(43,'3','删除','SYS_PROJECT_VERSION_DEL','/sys/project/version/{id:[0-9]+}',NULL,NULL,4,1,0,0,'119,130,32','系统版本','DELETE','1',0,'admin','2018-08-11 05:55:24','admin','2019-11-05 11:13:27'),
(44,'3','修改','SYS_PROJECT_VERSION_EDIT','/sys/project/version/{id:[0-9]+}',NULL,NULL,3,1,0,0,'119,130,32','系统版本','PUT','1',0,'admin','2018-08-11 05:55:40','admin','2019-11-05 11:13:13'),
(45,'3','分页查询','SYS_PROJECT_VERSION_PAGE_SEARCH','/sys/project/version/{page:[0-9]+}/{size:[0-9]+}',NULL,NULL,1,0,0,0,'119,130,32','系统版本','GET','1',0,'admin','2018-08-11 05:56:02','admin','2019-11-05 11:12:48'),
(46,'3','添加','SYS_DATASOURCE_ADD','/sys/app/datasource',NULL,NULL,2,1,0,0,'119,337,33','数据源','POST','1',0,'admin','2018-08-11 05:57:30','admin','2021-01-30 05:33:44'),
(47,'3','删除','SYS_DATASOURCE_DEL','/sys/datasource/{id:[0-9]+}',NULL,NULL,4,1,0,0,'119,337,33','数据源','DELETE','1',0,'admin','2018-08-11 05:57:55','admin','2021-01-30 05:34:24'),
(48,'3','修改','SYS_DATASOURCE_EDIT','/sys/app/datasource/{id:[0-9]+}',NULL,NULL,3,1,0,0,'119,337,33','数据源','PUT','1',0,'admin','2018-08-11 05:58:18','admin','2021-01-30 05:34:04'),
(49,'3','查询','SYS_DATASOURCE_SEARCH','/sys/app/datasource/{page:[0-9]+}/{size:[0-9]+}',NULL,NULL,1,0,0,0,'119,337,33','数据源','GET','1',0,'admin','2018-08-11 05:58:44','admin','2021-01-30 05:33:13'),
(50,'3','添加','SYS_PROJECT_SQL_ADD','/sys/project/sql',NULL,NULL,2,1,0,0,'119,130,34','SQL脚本','POST','1',0,'admin','2018-08-11 05:59:23','admin','2019-11-06 10:14:44'),
(51,'3','删除','SYS_PROJECT_SQL_DEL','/sys/project/sql/{id:[0-9]+}',NULL,NULL,4,1,0,0,'119,130,34','SQL脚本','DELETE','1',0,'admin','2018-08-11 05:59:43','admin','2019-11-06 10:15:05'),
(52,'3','修改','SYS_PROJECT_SQL_EDIT','/sys/project/sql/{id:[0-9]+}',NULL,NULL,3,1,0,0,'119,130,34','SQL脚本','PUT','1',0,'admin','2018-08-11 06:00:31','admin','2019-11-06 10:14:53'),
(53,'3','分页查询','SYS_PROJECT_SQL_PAGE_SEARCH','/sys/project/sql/{page:[0-9]+}/{size:[0-9]+}',NULL,NULL,1,0,0,0,'119,130,34','SQL脚本','GET','1',0,'admin','2018-08-11 06:00:45','admin','2019-11-06 10:15:44'),
(54,'3','导出','SYS_PROJECT_SQL_EXPORT','/sys/sql/script/export',NULL,NULL,4,0,0,0,'119,130,34','SQL脚本','','0',0,'admin','2018-08-11 06:02:43','admin','2019-11-27 15:05:42'),
(55,'3','添加','SYS_DICT_ADD','/sys/dict/add',NULL,NULL,1,1,0,0,'119,130,23','数据字典','','1',1,'admin','2018-08-11 06:03:28','admin','2019-12-05 14:24:47'),
(56,'3','删除','SYS_DICT_DEL','/sys/dict/delete',NULL,NULL,3,1,0,0,'119,130,23','数据字典','','1',1,'admin','2018-08-11 06:04:40','admin','2019-12-05 14:24:47'),
(57,'3','修改','SYS_DICT_EDIT','/sys/dict/edit',NULL,NULL,2,1,0,0,'119,130,23','数据字典','','1',1,'admin','2018-08-11 06:04:54','admin','2019-12-05 14:24:47'),
(58,'3','查询','SYS_DICT_LIST','/sys/dict/list',NULL,NULL,0,0,0,0,'119,130,23','数据字典','','1',1,'admin','2018-08-11 06:05:04','admin','2019-12-05 14:24:47'),
(59,'3','分页查询操作日志','LOGS_OPERATE_PAGE_SEARCH','/upms/op/record/{page:[0-9]+}/{size:[0-9]+}',NULL,NULL,1,0,0,0,'24,28','操作日志','GET','1',0,'admin','2018-08-11 06:06:56','admin','2020-03-21 17:45:49'),
(60,'3','执行','SYS_PROJECT_SQL_RUN','/sys/sql/script/run',NULL,NULL,5,1,0,0,'119,130,34','SQL脚本','','0',0,'admin','2018-08-11 06:47:23','admin','2019-11-27 15:05:46'),
(61,'3','详细','SYS_PROJECT_SQL_DETAIL','/sys/project/sql/{id:[0-9]+}',NULL,NULL,5,1,0,0,'119,130,34','SQL脚本','GET','0',0,'admin','2018-08-13 03:42:03','admin','2019-11-27 15:05:51'),
(62,'2','主机服务','IaaSHost','host',NULL,NULL,1,0,0,0,'119,337','IaaS管理','','1',0,'admin','2018-08-15 01:53:39','admin','2021-01-30 02:35:59'),
(63,'3','查询','SYS_HOST_SEARCH','/sys/app/host/{page:[0-9]+}/{size:[0-9]+}',NULL,NULL,1,0,0,0,'119,337,62','主机服务','GET','1',0,'admin','2018-08-15 01:54:44','admin','2021-01-30 05:24:21'),
(64,'4','弹出框','SYS_HOST_WIN','/sys/host/win',NULL,NULL,100,0,0,0,'119,337,62','主机服务','','1',0,'admin','2018-08-15 02:46:58','admin','2021-01-30 02:27:15'),
(65,'5','用户实例节点查询','SYS_APP_INSTANCE_USER_NODES','/sys/app/instance/{id:[0-9]+}/user/nodes',NULL,NULL,101,0,0,0,'119,131,71','数据源','GET','1',0,'admin','2018-08-15 10:09:59','admin','2019-11-14 21:03:06'),
(66,'3','添加书箱','WIKI_BOOKS_ADD','/wiki/admin/books',NULL,NULL,2,1,0,0,'36,203,157','书籍管理','POST','1',0,'admin','2018-08-16 11:32:31','test','2020-06-29 15:24:07'),
(67,'1','任务管理','JOB','task',NULL,'example',17,1,0,0,'0',NULL,'','0',0,'admin','2018-08-17 06:56:41','admin','2021-09-08 11:44:56'),
(68,'2','定时任务','JOB_TASK','/job/task',NULL,NULL,1,1,0,0,'67','任务管理','','1',0,'admin','2018-08-17 06:57:38',NULL,NULL),
(69,'3','添加','JOB_TASK_ADD','/job/task/add',NULL,NULL,1,1,0,0,'67,68','定时任务','','1',0,'admin','2018-08-17 06:58:18',NULL,NULL),
(70,'3','查询','JOB_TASK_SEARCH','/job/task/list',NULL,NULL,0,1,0,0,'67,68','定时任务','','1',0,'admin','2018-08-17 06:58:54',NULL,NULL),
(71,'2','应用实例','SYS_APP_INSTANCE','instance',NULL,NULL,3,1,0,0,'119,131',NULL,'','1',0,'admin','2018-08-21 03:04:25','admin','2019-11-12 14:16:33'),
(72,'3','分页查询','SYS_APP_INSTANCE_PAGE_SEARCH','/sys/app/instance/{page:[0-9]+}/{size:[0-9]+}',NULL,NULL,1,0,0,0,'119,131,71',NULL,'GET','1',0,'admin','2018-08-21 03:04:50','admin','2019-11-12 20:23:37'),
(73,'3','添加','SYS_APP_INSTANCE_ADD','/sys/app/instance',NULL,NULL,2,1,0,0,'119,131,71',NULL,'POST','1',0,'admin','2018-08-21 03:05:28','admin','2019-11-12 20:23:33'),
(74,'3','修改','SYS_APP_INSTANCE_EDIT','/sys/app/instance/{id:[0-9]+}',NULL,NULL,3,1,0,0,'119,131,71',NULL,'PUT','1',0,'admin','2018-08-21 03:05:38','admin','2019-11-12 20:23:54'),
(75,'3','删除','SYS_APP_INSTANCE_DEL','/sys/app/instance/{id:[0-9]+}',NULL,NULL,4,1,0,0,'119,131,71',NULL,'DELETE','1',0,'admin','2018-08-21 03:05:59','admin','2019-11-14 20:37:19'),
(76,'3','Kafka搜索执行状态','KAFKA_CONTENT_SEARCH_STATUS','/devops/content/search/{sid}/status',NULL,NULL,6,1,0,0,'103,109',NULL,'GET','1',1,'admin','2018-08-21 03:06:24','admin','2019-11-14 21:43:56'),
(77,'3','Kafka消息发送','KAFKA_CONTENT_SEND','/devops/kafka/content/send',NULL,NULL,4,1,0,0,'103,109','消息搜索','POST','1',0,'admin','2018-08-21 03:07:05','admin','2022-06-09 03:43:28'),
(78,'3','Kafka消息重发','KAFKA_CONTENT_RESEND','/devops/content/resend/{sid}',NULL,NULL,5,1,0,0,'103,109',NULL,'PUT','1',1,'admin','2018-08-21 03:07:26','admin','2019-11-14 21:42:16'),
(79,'3','添加','SYS_APP_HOST_ADD','/sys/host/add',NULL,NULL,1,1,0,0,'119,337,62',NULL,'','1',0,'admin','2018-08-22 02:57:48','admin','2021-01-30 02:27:15'),
(80,'3','修改','SYS_APP_HOST_EDIT','/sys/host/edit',NULL,NULL,2,1,0,0,'119,337,62',NULL,'','1',0,'admin','2018-08-22 02:58:10','admin','2021-01-30 02:27:15'),
(81,'3','Kafka搜索记录','KAFKA_CONTENT_SEARCH_RECORDS','/devops/content/search/{sid}/records',NULL,NULL,7,0,0,0,'103,109',NULL,'GET','1',1,'admin','2018-08-22 03:12:46','admin','2019-11-14 21:45:06'),
(82,'3','发布','SYS_PROJECT_VERSION_RELEASE','/sys/project/version/{id:[0-9]+}/release',NULL,NULL,5,1,0,0,'119,130,32',NULL,'POST','1',0,'admin','2018-08-23 09:49:55','admin','2019-11-05 11:15:55'),
(83,'2','应用日志','SYS_APP_LOGS','logs',NULL,NULL,5,1,0,0,'119,131',NULL,'','1',0,'admin','2018-08-27 02:03:24','admin','2019-11-12 14:16:46'),
(84,'3','搜索','SYS_APP_LOGS_SEARCH','/sys/app/logs/search',NULL,NULL,1,1,0,0,'119,131,83',NULL,'POST','1',0,'admin','2018-08-27 02:05:14','admin','2019-11-15 14:45:31'),
(85,'3','搜索上一页','SYS_APP_LOGS_SEARCH_PRE','/sys/app/logs/search/pre',NULL,NULL,2,1,0,0,'119,131,83',NULL,'','0',0,'admin','2018-08-27 07:57:20','admin','2019-11-15 14:45:55'),
(86,'3','搜索下一页','SYS_APP_LOGS_SEARCH_NEXT','/sys/app/logs/search/next',NULL,NULL,3,1,0,0,'119,131,83',NULL,'','0',0,'admin','2018-08-27 07:57:49','admin','2019-11-15 14:46:06'),
(87,'3','搜索明细','SYS_APP_LOGS_SEARCH_DETAIL','/sys/app/logs/search/detail',NULL,NULL,4,1,0,0,'119,131,83',NULL,'GET','0',0,'admin','2018-08-27 09:13:35','admin','2019-11-27 14:57:47'),
(88,'4','执行日志','SYS_PROJECT_SQL_RUN_LOG','/sys/sql/script/run/log',NULL,NULL,6,0,0,0,'119,130,34','SQL脚本','GET','0',0,'admin','2018-09-01 12:02:18','test','2022-05-12 13:33:28'),
(89,'1','事务管理','TX','tx',NULL,'table',18,1,0,0,'0',NULL,'','0',0,'admin','2018-09-03 03:51:43','admin','2020-07-11 08:30:17'),
(90,'2','集群信息','TX_CLUSTER','/tx/cluster',NULL,NULL,1,1,0,0,'89',NULL,'','1',0,'admin','2018-09-03 03:53:10','admin','2018-09-08 16:03:29'),
(91,'2','服务列表','TX_SERVICE','/tx/service',NULL,NULL,2,1,0,0,'89',NULL,'','1',0,'admin','2018-09-05 08:36:05','admin','2018-09-18 13:52:15'),
(92,'2','事务补偿','TX_COMPENSATE','/tx/compensate',NULL,NULL,3,1,0,0,'89',NULL,'','1',0,'admin','2018-09-05 08:38:35',NULL,NULL),
(93,'2','事务策略','TX_STRATEGY','/tx/strategy.html',NULL,NULL,4,1,0,0,'89',NULL,'','1',0,'admin','2018-09-05 08:40:02',NULL,NULL),
(94,'1','Canal管理','Canal','canal','canal/cluster','tree',8,1,0,0,'0',NULL,'','0',0,'admin','2018-09-06 02:02:04','admin','2025-08-11 09:52:43'),
(95,'3','查询','CANAL_CLUSTERS_SEARCH','/canal/{env:[a-zA-Z_0-9]+}/clusters',NULL,NULL,1,1,0,0,'94,29','集群管理','GET','1',0,'admin','2018-09-06 02:27:18','admin','2020-06-02 13:54:18'),
(96,'2','实时日志','LOGS:REALTIME','rt',NULL,NULL,3,1,0,0,'24','日志管理','123','0',0,'admin','2018-09-06 03:54:26','admin','2020-03-21 17:49:53'),
(97,'3','查询','LOGS_REAL_TIME_LIST','/log/real-time/list',NULL,NULL,0,1,0,0,'24,96',NULL,'','1',0,'admin','2018-09-06 03:57:18',NULL,NULL),
(98,'4','事务','TX_CLUSTER_TRANSACTION','/tx/cluster/transaction/*',NULL,NULL,2,0,0,0,'89,90',NULL,'','1',0,'admin','2018-09-11 01:58:04','admin','2018-09-11 10:03:02'),
(99,'2','表字段备注','TOOLS_TABLE_COLUMN','tableColumn',NULL,NULL,3,0,0,0,'119,350','工具管理','','1',1,'admin','2018-09-15 08:07:25','admin','2021-06-11 13:15:31'),
(100,'3','查询','DB_TABLE_COLUMN_LIST','/table/column/list',NULL,NULL,0,0,0,0,'119,350,99',NULL,'','1',1,'admin','2018-09-15 08:08:24','admin','2021-06-11 13:15:31'),
(101,'3','添加','DB_TABLE_COLUMN_ADD','/table/column/add',NULL,NULL,1,1,0,0,'119,350,99',NULL,'','1',0,'admin','2018-09-15 08:08:41','admin','2021-06-11 13:15:31'),
(102,'3','修改','DB_TABLE_COLUMN_EDIT','/table/column/edit',NULL,NULL,2,1,0,0,'119,350,99',NULL,'','1',0,'admin','2018-09-15 08:08:50','admin','2021-06-11 13:15:31'),
(103,'1','Kafka管理','Kafka','kafka','/kafka/content','list',9,1,0,0,'0',NULL,'','1',0,'admin','2018-09-26 03:04:21','admin','2021-11-03 08:51:50'),
(104,'2','集群管理','KafkaCluster','cluster',NULL,NULL,1,0,0,0,'103',NULL,'','1',0,'admin','2018-09-26 03:06:16','admin','2018-09-26 11:11:46'),
(105,'3','分页查询Kafka集群','KAFKA_CLUSTER_PAGE','/devops/kafka/cluster/{page:[0-9]+}/{size:[0-9]+}',NULL,NULL,1,0,0,0,'103,104','集群管理','GET','1',0,'admin','2018-09-26 03:06:46','admin','2022-05-29 13:20:32'),
(106,'3','添加','KAFKA_CLUSTER_ADD','/devops/kafka/cluster',NULL,NULL,2,1,0,0,'103,104','集群管理','POST','1',0,'admin','2018-09-26 03:07:13','admin','2022-05-29 13:23:49'),
(107,'3','修改','KAFKA_CLUSTER_EDIT','/devops/kafka/cluster/{id:[0-9]+}',NULL,NULL,3,1,0,0,'103,104','集群管理','PUT','1',0,'admin','2018-09-26 03:07:33','admin','2022-05-29 13:24:03'),
(108,'2','主题管理','KafkaTopic','topic',NULL,NULL,2,0,0,0,'103','Kafka管理','','1',0,'admin','2018-09-26 03:08:39','admin','2020-10-11 05:38:57'),
(109,'2','消息搜索','KafkaContent','content',NULL,NULL,3,0,0,0,'103','Kafka管理','','1',0,'admin','2018-09-26 03:09:37','admin','2020-10-11 05:39:22'),
(110,'3','分页查询Kafka主题','KAFKA_TOPIC_PAGE','/devops/kafka/topic/{page:[0-9]+}/{size:[0-9]+}',NULL,NULL,1,0,0,0,'103,108','主题管理','GET','1',0,'admin','2018-09-26 03:12:32','admin','2022-06-09 03:16:06'),
(111,'3','添加','KAFKA_TOPIC_ADD','/devops/kafka/topic',NULL,NULL,2,1,0,0,'103,108','主题管理','POST','1',0,'admin','2018-09-26 03:12:47','admin','2022-06-09 02:36:48'),
(112,'3','修改','KAFKA_TOPIC_EDIT','/devops/kafka/topic/{id:[0-9]+}',NULL,NULL,3,1,0,0,'103,108','主题管理','PUT','1',0,'admin','2018-09-26 03:13:02','admin','2022-06-09 02:36:56'),
(113,'2','文件记录','WikiResourcesRecord','uploadFile',NULL,NULL,10,0,0,0,'36,202','资源管理','','1',0,'admin','2018-09-26 11:21:31','admin','2020-10-02 15:38:55'),
(114,'4','Jar包弹出框','FILE_UPLOAD_JAR_WIN','/sys/upload/file/jar',NULL,NULL,10,0,0,0,'103,116',NULL,'','1',0,'admin','2018-09-27 02:49:00','test','2020-06-29 13:39:29'),
(115,'2','Dubbo调用','DubboCall','DubboCall',NULL,NULL,7,0,0,0,'103','Kafka管理','','0',0,'admin','2018-09-27 11:29:37','admin','2023-03-02 02:14:39'),
(116,'2','Jar包管理','KafkaFileJar','FileJar',NULL,NULL,10,1,0,0,'103','KAFKA管理','','0',0,'admin','2018-09-27 11:34:40','admin','2020-07-20 23:59:49'),
(117,'3','分页查询上传文件','WIKI_UPLOAD_FILE_PAGE_SEARCH','/wiki/admin/upload/{page:[0-9]+}/{size:[0-9]+}',NULL,NULL,1,1,0,0,'36,202,113',NULL,'GET','1',0,'admin','2018-09-28 07:50:33','admin','2020-04-04 12:23:05'),
(118,'3','查询','FILE_JAR_LIST','/sys/file/jar/list',NULL,NULL,1,1,0,0,'103,116',NULL,'','1',0,'admin','2018-09-28 07:59:45','test','2020-06-29 13:39:29'),
(119,'1','平台管理','Cloud','cloud','/sys/project/code','tree-table',10,1,0,0,'0',NULL,'业务系统','0',0,'admin','2018-10-08 06:39:31','admin','2025-08-11 09:52:31'),
(120,'3','配置查询','SYS_INSTANCE_CONFIG','/sys/instance/config',NULL,NULL,1000,1,0,0,'119,131,71',NULL,'','0',0,'admin','2018-10-17 07:00:47','admin','2019-11-14 20:34:30'),
(121,'3','配置转换','SYS_INSTANCE_CONVERT','/sys/instance/convert',NULL,NULL,1000,1,0,0,'119,131,71',NULL,'','0',0,'admin','2018-10-17 11:55:40','admin','2019-11-04 21:38:46'),
(122,'3','事务补偿查询','TX_COMPENSATE_SEARCH','/tx/compensate/search',NULL,NULL,1,1,0,0,'89,92',NULL,'','1',0,'admin','2018-10-24 14:21:18',NULL,NULL),
(123,'3','事务补偿执行','TX_COMPENSATE_RUN','/tx/compensate/run',NULL,NULL,3,1,0,0,'89,92',NULL,'','1',0,'admin','2018-10-24 14:21:59',NULL,NULL),
(124,'3','事务补偿详细','TX_COMPENSATE_DETAIL','/tx/compensate/detail',NULL,NULL,2,1,0,0,'89,92',NULL,'','1',0,'admin','2018-10-24 14:22:35',NULL,NULL),
(125,'3','配置修改','SYS_INSTANCE_CONFIG_SAVE','/sys/instance/config/save',NULL,NULL,1001,1,0,0,'119,131,71',NULL,'','0',0,'admin','2018-11-10 12:30:10','admin','2019-11-14 20:34:41'),
(126,'3','升级文档','SYS_PROJECT_VERSION_DOC_LIST','/sys/version/doc/list',NULL,NULL,5,1,0,0,'119,130,32',NULL,'','0',0,'admin','2018-11-17 02:26:02','admin','2019-11-27 15:05:04'),
(127,'4','查询权限树（类型）','UPMS_PERMISSION_TREE','/upms/permission/tree/{type:[0-9]+}',NULL,NULL,100,0,0,0,'1,4','权限管理','GET','1',0,NULL,'2019-10-28 06:38:45','admin','2021-11-30 06:15:17'),
(128,'5','查询用户授权角色','UPMS_USER_ROLES','/upms/user/roles',NULL,NULL,100,1,0,0,'1,2','用户管理','GET','1',0,NULL,'2019-10-28 07:24:25','admin','2020-07-04 11:55:26'),
(129,'2','部门管理','UpmsDepartment','department',NULL,NULL,4,0,0,1,'422','组织管理',NULL,'1',0,'admin','2019-11-01 00:50:55','admin','2021-10-16 04:49:16'),
(130,'1','运营管理','CloudBusiness','project','/sys/project/code','list',2,1,0,0,'119','综合管理',NULL,'1',0,'admin','2019-11-04 13:26:12','admin','2021-06-11 13:10:34'),
(131,'1','应用管理','SYS_APP','app','/sys/app/instance','table',3,1,0,0,'119','Cloud 管理',NULL,'1',0,'admin','2019-11-04 13:38:24','admin','2021-01-30 02:25:42'),
(132,'3','项目树','SYS_PROJECT_CODE_TREE','/sys/project/code/tree/*',NULL,NULL,10,1,0,0,'119,130,26','1','GET','1',0,'admin','2019-11-05 08:32:54','admin','2019-11-12 21:54:10'),
(134,'3','项目用户列表','SYS_PROJECT_CODE_USERS','/sys/project/code/users',NULL,NULL,7,1,0,0,'119,130,26',NULL,'GET','1',0,'admin','2019-11-07 10:25:15',NULL,NULL),
(135,'3','查询项目用户组','SYS_PROJECT_CODE_USERS_GROUP','/sys/project/code/{id:[0-9]+}/users',NULL,NULL,5,1,0,0,'119,130,26',NULL,'GET','1',0,'admin','2019-11-07 11:11:14','admin','2019-11-07 19:12:55'),
(136,'3','项目授权用户组','SYS_PROJECT_CODE_USERS_ASSIGN','/sys/project/code/{id:[0-9]+}/users',NULL,NULL,6,1,0,0,'119,130,26',NULL,'POST','1',0,'admin','2019-11-07 11:12:32',NULL,NULL),
(137,'3','Kafka集群查询','KAFKA_CONTENT_CLUSTER','/devops/content/clusters',NULL,NULL,2,1,0,0,'103,109',NULL,'GET','1',1,'admin','2019-11-10 13:06:50','admin','2019-11-14 21:40:07'),
(138,'3','Kafka集群查询','KAFKA_TOPIC_CLUSTERS','/devops/topic/clusters',NULL,NULL,5,1,0,0,'103,108',NULL,'GET','1',1,'admin','2019-11-10 13:09:11','admin','2019-11-10 21:09:31'),
(139,'3','Kafka主题查询','KAFKA_CONTENT_TOPICS','/devops/content/topics',NULL,NULL,3,1,0,0,'103,109',NULL,'GET','1',1,'admin','2019-11-10 13:12:35','admin','2019-11-14 21:40:14'),
(142,'3','Kafka内容搜索','KAFKA_CONTENT_SEARCH','/devops/kafka/content/search',NULL,NULL,1,1,0,0,'103,109','消息搜索','GET','1',0,'admin','2019-11-10 13:43:11','admin','2022-06-09 03:43:20'),
(143,'5','用户项目树','SYS_PROJECT_USER_TREE','/sys/project/user/tree',NULL,NULL,100,1,0,0,'119,130,26','项目代码','GET','1',0,'admin','2019-11-12 13:55:04','admin','2021-06-04 00:24:55'),
(144,'3','实例节点查询','SYS_APP_INSTANCE_NODES','/sys/app/instance/{id:[0-9]+}/nodes',NULL,NULL,5,1,0,0,'119,131,71',NULL,'GET','1',0,'admin','2019-11-14 03:26:12','admin','2019-11-14 20:55:02'),
(145,'5','用户实例查询','SYS_APP_INSTANCE_USER_SEARCH','/sys/app/instance/user',NULL,NULL,100,1,0,0,'119,131,71',NULL,'GET','1',0,'admin','2019-11-14 07:09:32',NULL,NULL),
(146,'3','集群主题查询','KAFKA_TOPIC_TOPICS','/devops/topic/topics',NULL,NULL,7,1,0,0,'103,108',NULL,'GET','1',0,'admin','2019-11-19 07:06:15','admin','2019-11-25 19:35:40'),
(147,'3','Kafka集群主题同步','KAFKA_TOPIC_SYNC','/devops/kafka/topic/sync',NULL,NULL,6,1,0,0,'103,108','主题管理','POST','1',0,'admin','2019-11-25 08:44:49','admin','2022-06-09 02:37:49'),
(148,'3','删除','KAFKA_TOPIC_DELETE','/devops/kafka/topic/{id:[0-9]+}',NULL,NULL,4,1,0,0,'103,108','主题管理','DELETE','1',0,'admin','2019-11-26 02:02:41','admin','2022-06-09 02:37:04'),
(149,'3','主题重建','KAFKA_TOPIC_REFRESH','/devops/topic/refresh',NULL,NULL,8,1,0,0,'103,108',NULL,'POST','1',0,'admin','2019-11-26 02:03:38',NULL,NULL),
(150,'5','修改用户密码','UPMS_USER_CHANGE_PASSWORD','/upms/user/changePwd',NULL,NULL,101,1,0,0,'1,2','用户管理','POST','1',0,'admin','2019-11-26 06:54:02','admin','2022-08-01 11:18:52'),
(151,'5','修改用户默认角色','UPMS_USER_CHANGE_ROLE','/upms/user/changeRole',NULL,NULL,102,1,0,0,'1,2','用户管理','POST','1',0,'admin','2019-11-26 06:55:13','admin','2021-11-24 02:33:21'),
(152,'5','修改用户个人信息','UPMS_USER_CHANGE_INFO','/upms/user/changeInfo',NULL,NULL,104,1,0,0,'1,2','用户管理','POST','1',0,'admin','2019-11-26 06:58:33','admin','2022-08-01 11:19:16'),
(153,'2','广告管理','WikiAd','ad',NULL,NULL,1,1,0,0,'36,203','运营管理',NULL,'1',0,'admin','2019-12-05 07:21:40','admin','2020-05-20 04:15:08'),
(154,'3','分页查询分类','WIKI_CATEGORY_PAGE_SEARCH','/wiki/admin/classify/{page:[0-9]+}/{size:[0-9]+}',NULL,NULL,1,1,0,0,'36,201,22',NULL,'GET','1',0,'admin','2019-12-05 07:41:37','admin','2020-04-04 12:23:54'),
(155,'3','添加分类','WIKI_CATEGORY_ADD','/wiki/admin/classify',NULL,NULL,2,1,0,0,'36,201,22',NULL,'POST','1',0,'admin','2019-12-05 07:52:39','admin','2020-04-04 12:23:54'),
(156,'3','分类编辑','WIKI_CATEGORY_EDIT','/wiki/admin/classify/{id:[0-9]+}',NULL,NULL,3,1,0,0,'36,201,22',NULL,'PUT','1',0,'admin','2019-12-05 08:21:50','admin','2020-04-04 12:23:54'),
(157,'2','书籍管理','WikiBooks','books',NULL,NULL,6,1,0,0,'36,203','运营管理',NULL,'1',0,'admin','2019-12-05 08:39:31','admin','2020-04-04 12:24:44'),
(158,'2','创建书籍信息','WikiBookCatalogAdd','bookCatalogAdd','/wiki/books/add',NULL,110,1,0,0,'36,203','运营管理','GET','0',0,'admin','2019-12-05 08:43:32','admin','2020-10-02 15:25:00'),
(159,'5','分类树查询','WIKI_CLASSIFY_TREE_SEARCH','/wiki/admin/classify/tree/{pid}',NULL,NULL,100,1,0,0,'36,201,22',NULL,'GET','1',0,'admin','2019-12-06 10:24:55','admin','2020-04-04 12:23:54'),
(160,'3','文件上传','WIKI_UPLOAD_FILE','/wiki/admin/upload',NULL,NULL,2,1,0,0,'36,202,113',NULL,'POST','1',0,'admin','2019-12-31 05:54:33','admin','2020-04-04 12:23:05'),
(161,'1','文件管理','SYS_FILE','file',NULL,NULL,3,1,0,0,'119','Cloud 管理',NULL,'0',0,'admin','2020-01-07 01:25:09','admin','2021-01-30 02:25:47'),
(162,'2','上传记录','SYS_FILE_RECORD','fileRecord',NULL,NULL,3,1,0,0,'119,161','文件管理',NULL,'1',0,'admin','2020-01-07 01:26:28','admin','2020-01-15 10:48:38'),
(163,'3','分页查询书籍','WIKI_BOOKS_PAGE_SEARCH','/wiki/admin/books/{page:[0-9]+}/{size:[0-9]+}',NULL,NULL,1,1,0,0,'36,203,157','书籍管理','GET','1',0,'admin','2020-01-13 08:32:19','test','2020-06-30 00:44:08'),
(164,'3','查询书籍','WIKI_BOOKS_INFO','/wiki/admin/books/{id:[0-9]+}',NULL,NULL,3,1,0,0,'36,203,157','书籍管理','GET','1',0,'admin','2020-01-13 08:33:55','test','2020-06-29 15:24:20'),
(167,'2','编辑书籍章节','WikiBookChapterEdit','bookChapterEdit','/wiki/books/chapter/:id([a-zA-Z_0-9]+)',NULL,113,1,0,0,'36,203','运营管理','GET','1',0,'admin','2020-01-13 11:07:13','admin','2020-10-02 15:23:55'),
(168,'2','编辑书籍信息','WikiBookCatalogEdit','bookCatalogEdit','/wiki/books/:id(\\d+)',NULL,111,1,0,0,'36,203','运营管理','GET','1',0,'admin','2020-01-14 01:39:34','admin','2020-10-02 15:18:50'),
(169,'3','修改书籍','WIKI_BOOKS_EDIT','/wiki/admin/books/{id:[0-9]+}',NULL,NULL,4,1,0,0,'36,203,157','书籍管理','PUT','1',0,'admin','2020-01-14 01:44:42','test','2020-06-29 15:24:31'),
(170,'3','查询书籍章节','WIKI_BOOKS_CHAPTERS','/wiki/admin/books/{id:[0-9]+}/chapters',NULL,NULL,100,1,0,0,'36,203,157','书籍管理','GET','1',0,'admin','2020-01-15 03:11:31','admin','2020-04-04 12:24:44'),
(171,'3','修改书籍章节','WIKI_BOOKS_CHAPTER_EDIT','/wiki/admin/books/chapter/{id:[a-zA-Z_0-9]+}',NULL,NULL,22,1,0,0,'36,203,157','书籍管理','PUT','1',0,'admin','2020-01-15 09:22:49','test','2020-06-29 15:34:33'),
(172,'3','查询书籍章节内容','WIKI_BOOKS_CHAPTER_INFO','/wiki/admin/books/chapter/{id:[a-zA-Z_0-9]+}',NULL,NULL,23,1,0,0,'36,203,157','书籍管理','GET','1',0,'admin','2020-01-15 10:56:37','test','2020-06-29 15:37:51'),
(173,'3','添加书籍章节','WIKI_BOOKS_CHAPTER','/wiki/admin/books/chapter',NULL,NULL,21,1,0,0,'36,203,157','书籍管理','POST','1',0,'admin','2020-01-15 10:57:55','test','2020-06-29 15:34:21'),
(174,'3','修复书籍目录/章节','WIKI_BOOKS_CATALOG_FIX','/wiki/admin/books/{id:[0-9]+}/fix',NULL,NULL,25,1,0,0,'36,203,157','书籍管理','POST','1',0,'admin','2020-01-19 18:43:45','test','2020-06-29 15:37:31'),
(175,'3','删除书籍目录/章节','WIKI_BOOKS_CHAPTER_DEL','/wiki/admin/books/chapter/{id:[a-zA-Z_0-9]+}',NULL,NULL,24,1,0,0,'36,203,157','书籍管理','DELETE','1',0,'admin','2020-01-19 19:27:49','test','2020-06-29 15:35:08'),
(176,'2','书签管理','WikiBookmark','bookmark',NULL,NULL,7,1,0,0,'36,203','运营管理',NULL,'1',0,'admin','2020-03-13 05:53:22','admin','2020-04-04 12:24:30'),
(177,'3','分页查询广告','WIKI_AD_PAGE_SEARCH','/wiki/admin/ad/{page:[0-9]+}/{size:[0-9]+}',NULL,NULL,1,1,0,0,'36,203,153','广告管理','GET','1',0,'admin','2020-03-13 17:41:48','test','2020-06-30 00:43:56'),
(178,'3','分页查询书签','WIKI_BOOKMARK_PAGE_SEARCH','/wiki/admin/bookmark/{page:[0-9]+}/{size:[0-9]+}',NULL,NULL,1,1,0,0,'36,203,176','书签管理','GET','1',0,'admin','2020-03-13 17:44:11','test','2020-06-30 00:44:22'),
(179,'3','创建书签','WIKI_BOOKMARK_ADD','/wiki/admin/bookmark',NULL,NULL,2,1,0,0,'36,203,176','书签管理','POST','1',0,'admin','2020-03-14 17:43:21','admin','2020-04-04 12:24:30'),
(180,'3','修改书签','WIKI_BOOKMARK_EDIT','/wiki/admin/bookmark/{id:[0-9]+}',NULL,NULL,3,1,0,0,'36,203,176','书签管理','PUT','1',0,'admin','2020-03-14 17:44:27','test','2020-06-30 00:44:37'),
(181,'3','删除书签','WIKI_BOOKMARK_DEL','/wiki/admin/bookmark/{id:[0-9]+}',NULL,NULL,4,1,0,0,'36,203,176','书签管理','DELETE','1',0,'admin','2020-03-14 17:45:16','admin','2020-04-04 12:24:30'),
(182,'2','文章管理','WikiArticle','article',NULL,NULL,2,1,0,0,'36,203','运营管理',NULL,'1',0,'admin','2020-03-14 21:09:04','admin','2020-05-20 04:15:17'),
(183,'3','分页查询文章','WIKI_ARTICLE_PAGE_SEARCH','/wiki/admin/article/{page:[0-9]+}/{size:[0-9]+}',NULL,NULL,1,1,0,0,'36,203,182','文章管理','GET','1',0,'admin','2020-03-14 21:26:39','test','2020-06-30 00:43:37'),
(184,'3','添加文章','WIKI_ARTICLE_ADD','/wiki/admin/article',NULL,NULL,2,1,0,0,'36,203,182','文章管理','POST','1',0,'admin','2020-03-14 21:28:02','admin','2020-04-04 12:24:24'),
(185,'3','修改文章','WIKI_ARTICLE_EDIT','/wiki/admin/article/{id:[0-9]+}',NULL,NULL,3,1,0,0,'36,203,182','文章管理','PUT','1',0,'admin','2020-03-14 21:29:03','test','2020-06-29 15:21:48'),
(186,'3','文章查询','WIKI_ARTICLE_INFO','/wiki/admin/article/{id:[0-9]+}',NULL,NULL,4,1,0,0,'36,203,182','文章管理','GET','1',0,'admin','2020-03-14 21:30:15','admin','2020-04-04 12:24:24'),
(187,'2','创建文章','WikiArticleAdd','articleAdd','/wiki/article/add',NULL,100,1,0,0,'36,203','运营管理','GET','1',0,'admin','2020-03-14 21:33:25','admin','2020-10-02 15:10:43'),
(188,'3','复制权限','UPMS_PERMISSION_COPY','/upms/permission',NULL,NULL,6,1,0,0,'1,4','权限管理','POST','1',0,'admin','2020-03-14 21:39:44','admin','2020-07-04 11:59:17'),
(189,'2','编辑文章','WikiArticleEdit','articleEdit','/wiki/article/:id(\\d+)',NULL,101,1,0,0,'36,203','运营管理','GET','1',0,'admin','2020-03-14 21:33:25','admin','2020-10-02 15:10:33'),
(190,'3','添加广告','WIKI_AD_ADD','/wiki/admin/ad',NULL,NULL,2,1,0,0,'36,203,153','广告管理','POST','1',0,'admin','2020-03-13 17:41:48','test','2020-06-29 15:23:19'),
(191,'3','修改广告','WIKI_AD_EDIT','/wiki/admin/ad/{id:[0-9]+}',NULL,NULL,3,1,0,0,'36,203,153','广告管理','PUT','1',0,'admin','2020-03-13 17:41:48','test','2020-06-29 15:23:28'),
(192,'2','图片库','WikiResourcesImage','images',NULL,NULL,1,0,0,0,'36,202','资源管理',NULL,'1',0,'admin','2019-12-05 08:39:31','admin','2020-10-02 15:38:10'),
(193,'2','登录日志','LogsLogin','login',NULL,NULL,1,0,0,0,'24','日志管理','123','1',0,'admin','2018-09-06 03:54:26','admin','2021-09-27 11:58:29'),
(194,'3','分页查询登录日志','LOGS_LOGIN_PAGE_SEARCH','/upms/login/record/{page:[0-9]+}/{size:[0-9]+}',NULL,NULL,1,0,0,0,'24,193','登录日志','GET','1',0,'admin','2018-08-11 06:06:56','admin','2020-03-21 17:45:49'),
(195,'3','分页查询图片','WIKI_AD_IMAGE_PAGE_SEARCH','/wiki/admin/images/{page:[0-9]+}/{size:[0-9]+}',NULL,NULL,1,1,0,0,'36,202,192','图片管理','GET','1',0,'admin','2020-03-13 17:41:48','admin','2020-04-04 12:53:08'),
(196,'5','图片上传','WIKI_UPLOAD_IMAGE','/wiki/admin/upload/img',NULL,NULL,3,1,0,0,'36,202,113','文件上传',NULL,'1',0,'admin','2019-12-31 05:54:33','admin','2020-04-04 12:23:05'),
(197,'5','分页模糊查询图片','WIKI_IMAGE_SEARCH2','/wiki/admin/images/_search/{page:[0-9]+}/{size:[0-9]+}',NULL,NULL,100,1,0,0,'36,202,192','图片管理','GET','1',0,'admin','2020-03-13 17:41:48','admin','2020-04-04 12:53:19'),
(198,'2','用户管理','WikiUser','user',NULL,NULL,5,1,0,0,'36,201','基础管理',NULL,'1',0,'admin','2019-12-05 08:39:31','admin','2020-10-02 05:52:15'),
(199,'3','分页查询用户','WIKI_USER_PAGE_SEARCH','/wiki/admin/user/{page:[0-9]+}/{size:[0-9]+}',NULL,NULL,1,1,0,0,'36,201,198','用户管理','GET','1',0,'admin','2020-03-13 17:41:48','admin','2020-04-04 12:24:09'),
(200,'5','用户模糊查询','WIKI_USER_SEARCH2','/wiki/admin/user/_search/{name}',NULL,NULL,100,1,0,0,'36,201,198','用户管理','GET','1',0,'admin','2020-03-13 17:41:48','admin','2020-04-04 12:24:09'),
(201,'1','基础管理','WikiBase','base','/wiki/base/user','list',1,1,0,0,'36','极客管理',NULL,'1',0,'admin','2020-04-03 05:35:11','admin','2020-12-07 00:08:22'),
(202,'1','资源管理','WikiResources','resources','/wiki/resources/images','clipboard',3,1,0,0,'36','极客管理',NULL,'1',0,'admin','2020-04-03 05:43:52','admin','2020-12-07 00:09:01'),
(203,'1','运营管理','WikiBusiness','business','/wiki/business/books','excel',2,1,0,0,'36','极客管理',NULL,'1',0,'admin','2020-04-03 20:10:24','admin','2020-12-07 00:08:40'),
(204,'2','资源库','WikiResourcesFile','files',NULL,NULL,2,0,0,0,'36,202','资源管理',NULL,'1',0,'admin','2020-04-03 20:20:39','admin','2020-10-02 15:39:00'),
(205,'3','分页查询资源文件','WIKI_RESOURCES_FILE_PAGE_SEARCH','/wiki/admin/resources/{page:[0-9]+}/{size:[0-9]+}',NULL,NULL,1,1,0,0,'36,202,204','共享资源','GET','1',0,'admin','2018-09-28 07:50:33','admin','2020-04-04 12:23:05'),
(206,'3','下载','WIKI_RESOURCES_FILE_DOWNLOAD','/wiki/admin/resources/download/{id:[0-9]+}',NULL,NULL,10,1,1,0,'36,202,204','共享资源','GET','1',0,'admin','2018-09-28 07:50:33','admin','2020-04-04 12:23:05'),
(207,'3','图片信息编辑','WIKI_AD_IMAGE_EDIT','/wiki/admin/images/{id:[0-9]+}',NULL,NULL,2,1,0,0,'36,202,192','图片信息管理','PUT','1',0,'admin','2020-03-13 17:41:48','admin','2020-05-20 01:57:10'),
(208,'3','编辑','WIKI_RESOURCES_FILE_EDIT','/wiki/admin/resources/{id:[0-9]+}',NULL,NULL,2,1,0,0,'36,202,204','共享资源','PUT','1',0,'admin','2018-09-28 07:50:33','admin','2020-04-04 12:23:05'),
(209,'3','图片信息批量编辑','WIKI_AD_IMAGE_BATCH_EDIT','/wiki/admin/images/batchEdit',NULL,NULL,3,1,0,0,'36,202,192','图片信息库','POST','1',0,'admin','2020-03-13 17:41:48','admin','2020-05-20 09:00:22'),
(210,'3','批量审核','WIKI_RESOURCES_FILE_BATCH_APPROVE','/wiki/admin/resources/batchApprove',NULL,NULL,3,1,0,0,'36,202,204','共享资源库','POST','1',0,'admin','2018-09-28 07:50:33','admin','2020-04-04 12:23:05'),
(211,'2','阅读书籍','WikiBookPreview','bookPreview','/wiki/books/preview/:id(\\d+)',NULL,114,1,0,0,'36,203','运营管理','GET','1',0,'admin','2020-01-13 11:07:13','admin','2020-10-03 00:51:07'),
(212,'3','书籍阅读','WikiBookRead','/wiki/admin/books/{id:[0-9]+}/images',NULL,NULL,1,1,1,0,'36,203,211','阅读书籍','GET','1',0,'admin','2020-01-13 08:33:55','admin','2022-04-08 00:01:12'),
(213,'3','查询配置信息','CANAL_CLUSTERS_CONFIG','/canal/{env:[a-zA-Z_0-9]+}/config/template/{id:[0-9]+}',NULL,NULL,10,1,0,0,'94,29','集群管理','GET','1',0,'admin','2018-08-04 13:12:44','admin','2020-06-05 13:33:43'),
(214,'3','查询配置信息','CANAL_CLUSTERS_CONFIG_ADD','/canal/{env:[a-zA-Z_0-9]+}/config/template',NULL,NULL,11,1,0,0,'94,29','集群管理','POST','1',0,'admin','2018-08-04 13:12:44','admin','2020-06-02 13:54:30'),
(215,'3','保存配置信息','CANAL_CLUSTERS_CONFIG_EDIT','/canal/{env:[a-zA-Z_0-9]+}/config/template',NULL,NULL,12,1,0,0,'94,29','集群管理','PUT','1',0,'admin','2018-08-04 13:12:44','admin','2020-06-06 03:34:23'),
(216,'3','修改','CANAL_CLUSTERS_EDIT','/canal/{env:[a-zA-Z_0-9]+}/cluster',NULL,NULL,3,1,0,0,'94,29','集群管理','PUT','1',0,'admin','2018-08-04 13:12:44','admin','2020-06-06 08:28:05'),
(217,'3','删除','CANAL_CLUSTERS_DELETE','/canal/{env:[a-zA-Z_0-9]+}/cluster/{id:[0-9]+}',NULL,NULL,4,1,0,0,'94,29','集群管理','DELETE','1',0,'admin','2018-08-04 13:12:44','admin','2020-06-06 08:28:05'),
(218,'3','查询','CANAL_SERVERS_SEARCH','/canal/{env:[a-zA-Z_0-9]+}/nodeServers',NULL,NULL,1,1,0,0,'94,30','服务管理','GET','1',0,'admin','2018-09-06 02:27:18','admin','2020-06-06 10:37:04'),
(219,'3','添加','CANAL_SERVERS_ADD','/canal/{env:[a-zA-Z_0-9]+}/nodeServer',NULL,NULL,2,1,0,0,'94,30','服务管理','POST','1',0,'admin','2018-09-06 02:27:18','admin','2020-06-06 10:37:04'),
(220,'3','修改','CANAL_SERVERS_EDIT','/canal/{env:[a-zA-Z_0-9]+}/nodeServer',NULL,NULL,3,1,0,0,'94,30','服务管理','PUT','1',0,'admin','2018-09-06 02:27:18','admin','2020-06-06 10:37:04'),
(221,'3','删除','CANAL_SERVERS_DELETE','/canal/{env:[a-zA-Z_0-9]+}/nodeServer/{id:[0-9]+}',NULL,NULL,4,1,0,0,'94,30','服务管理','DELETE','1',0,'admin','2018-09-06 02:27:18','admin','2020-06-06 10:37:04'),
(222,'2','服务日志','NodeServerLog','serverLog','/canal/nodeServer/log',NULL,100,1,0,0,'94','Canal管理','GET','1',0,'admin','2020-06-06 02:46:35','admin','2021-10-13 12:02:55'),
(223,'3','服务日志查询','CANAL_SERVERS_LOG','/canal/{env:[a-zA-Z_0-9]+}/nodeServer/log/{id:[0-9]+}',NULL,NULL,11,1,0,0,'94,30','服务管理','GET','1',0,'admin','2018-09-06 02:27:18','admin','2020-06-06 10:37:04'),
(224,'3','查询','CANAL_INSTANCE_SEARCH','/canal/{env:[a-zA-Z_0-9]+}/instances',NULL,NULL,1,1,0,0,'94,25','实例管理','GET','1',0,'admin','2018-09-06 02:27:18','admin','2020-06-06 10:37:04'),
(225,'3','查询游标','CANAL_INSTANCE_META_POS','/canal/{env:[a-zA-Z_0-9]+}/instance/meta/position/{id:[0-9]+}',NULL,NULL,11,1,0,0,'94,25','实例管理','GET','1',0,'admin','2018-09-06 02:27:18','admin','2020-06-06 11:49:52'),
(226,'3','更新游标','CANAL_INSTANCE_META_POS_EDIT','/canal/{env:[a-zA-Z_0-9]+}/instance/meta/position/{id:[0-9]+}',NULL,NULL,12,1,0,0,'94,25','实例管理','POST','1',0,'admin','2018-09-06 02:27:18','admin','2020-06-06 11:49:52'),
(227,'2','实例日志','InstanceLog','instanceLog','/canal/instance/log',NULL,101,1,0,0,'94','Canal管理','GET','1',0,'admin','2020-06-06 02:46:35','admin','2021-10-13 16:18:01'),
(228,'3','服务日志查询','CANAL_INSTANCE_LOG_Q','/canal/{env:[a-zA-Z_0-9]+}/instance/log/{id1:[0-9]+}/{id2:[0-9]+}',NULL,NULL,12,1,0,0,'94,25','实例管理','GET','1',0,'admin','2018-09-06 02:27:18','admin','2020-06-06 14:37:25'),
(229,'5','查询集群服务','CANAL_SERVERS_NODE_SEARCH','/canal/{env:[a-zA-Z_0-9]+}/clustersAndServers',NULL,NULL,2,1,0,0,'94,30','服务管理','GET','1',0,'admin','2018-09-06 02:27:18','admin','2020-06-06 10:37:04'),
(230,'3','实例远程操作','CANAL_INSTANCE_OPTION','/canal/{env:[a-zA-Z_0-9]+}/instance/status/{id:[0-9]+}',NULL,NULL,10,1,0,0,'94,25','实例管理','PUT','1',0,'admin','2018-09-06 02:27:18','admin','2020-06-06 16:39:09'),
(231,'3','新增','CANAL_INSTANCE_ADD','/canal/{env:[a-zA-Z_0-9]+}/instance/template',NULL,NULL,2,1,0,0,'94,25','实例管理','POST','1',0,'admin','2018-09-06 02:27:18','admin','2020-06-07 00:54:49'),
(232,'3','修改','CANAL_INSTANCE_EDIT','/canal/{env:[a-zA-Z_0-9]+}/instance/template',NULL,NULL,3,1,0,0,'94,25','实例管理','PUT','1',0,'admin','2018-09-06 02:27:18','admin','2020-06-07 00:54:40'),
(233,'3','删除','CANAL_INSTANCE_DELETE','/canal/{env:[a-zA-Z_0-9]+}/instance/template/{id:[0-9]+}',NULL,NULL,4,1,0,0,'94,25','实例管理','DELETE','1',0,'admin','2018-09-06 02:27:18','admin','2020-06-08 12:52:45'),
(234,'3','详细信息','CANAL_INSTANCE_DETAIL','/canal/{env:[a-zA-Z_0-9]+}/instance/template/{id:[0-9]+}',NULL,NULL,5,1,0,0,'94,25','实例管理','GET','1',0,'admin','2018-09-06 02:27:18','admin','2020-06-06 16:40:53'),
(235,'3','服务实例查询','CANAL_SERVER_INSTANCES','/canal/{env:[a-zA-Z_0-9]+}/active/instances/{id:[0-9]+}',NULL,NULL,6,1,0,0,'94,30','服务管理','GET','1',0,'admin','2018-09-06 02:27:18','admin','2020-06-08 14:28:53'),
(236,'3','停止服务','CANAL_SERVER_STOP','/canal/{env:[a-zA-Z_0-9]+}/nodeServer/stop/{id:[0-9]+}',NULL,NULL,8,1,0,0,'94,30','服务管理','PUT','1',0,'admin','2018-09-06 02:27:18','admin','2020-06-08 14:37:17'),
(237,'3','启动服务','CANAL_SERVER_START','/canal/{env:[a-zA-Z_0-9]+}/nodeServer/start/{id:[0-9]+}',NULL,NULL,7,1,0,0,'94,30','服务管理','PUT','1',0,'admin','2018-09-06 02:27:18','admin','2020-06-08 14:37:28'),
(238,'2','告警管理','CanalAlarm','alarm',NULL,NULL,4,0,0,0,'94','Canal管理','','1',0,'admin','2018-07-28 03:34:35','admin','2020-10-03 05:13:07'),
(239,'3','查询','CANAL_ALARM_SEARCH','/canal/{env:[a-zA-Z_0-9]+}/alarms',NULL,NULL,1,1,0,0,'94,238','告警管理','GET','1',0,'admin','2018-09-06 02:27:18','admin','2020-06-06 10:37:04'),
(240,'1','报表管理','WIKI_REPORT','report','/wiki/report/user',NULL,10,1,0,0,'36','极客管理','GET','0',0,'admin','2020-06-15 06:35:10','admin','2020-06-16 13:18:37'),
(241,'2','用户报表','WIKI:REPORT:USER','user',NULL,NULL,1,1,0,0,'36,240','报表管理',NULL,'1',0,'admin','2020-06-15 06:38:08',NULL,NULL),
(242,'2','文章报表','WIKI:REPORT:ARTICLE','article',NULL,NULL,2,1,0,0,'36,240','报表管理',NULL,'1',0,'admin','2020-06-15 06:38:08',NULL,NULL),
(243,'2','资源报表','WIKI:REPORT:RECOURCE','recource',NULL,NULL,3,1,0,0,'36,240','报表管理',NULL,'1',0,'admin','2020-06-15 06:38:08',NULL,NULL),
(244,'3','当天访问量查询','WIKI_REPORT_USER_NEW_VISITS','/wiki/admin/report/newVisits',NULL,NULL,1,1,0,0,'36,240,241','用户报表','GET','1',0,'admin','2020-06-15 06:41:42','admin','2020-06-15 14:43:15'),
(245,'3','最近一周访问量查询','WIKI_REPORT_USER_WEEK_VISITS','/wiki/admin/report/weekVisits',NULL,NULL,2,1,0,0,'36,240,241','用户报表','GET','1',0,'admin','2020-06-15 06:41:42',NULL,NULL),
(246,'3','当天文章创建量查询','WIKI_REPORT_ARTICLE_NEW_ARTICLES','/wiki/admin/report/newArticles',NULL,NULL,1,1,0,0,'36,240,242','文章报表','GET','1',0,'admin','2020-06-15 06:41:42','admin','2020-06-15 14:44:25'),
(247,'3',' 最近一周文章量查询','WIKI_REPORT_ARTICLE_WEEK_ARTICLES','/wiki/admin/report/weekArticles',NULL,NULL,2,1,0,0,'36,240,242','文章报表','GET','1',0,'admin','2020-06-15 06:41:42','admin','2020-06-15 14:47:54'),
(248,'3','当天资源共享量查询','WIKI_REPORT_RESOURCES_NEW_RESOURCES','/wiki/admin/report/newResources',NULL,NULL,1,1,0,0,'36,240,243','资源报表','GET','1',0,'admin','2020-06-15 06:41:42','admin','2020-06-15 14:44:25'),
(249,'3',' 最近一周资源量查询','WIKI_REPORT_RESOURCES_WEEK_RESOURCES','/wiki/admin/report/weekResources',NULL,NULL,2,1,0,0,'36,240,243','资源报表','GET','1',0,'admin','2020-06-15 06:41:42','admin','2020-06-15 14:47:28'),
(250,'4','配置properties','CANAL_CLUSTER_CONFG_P','config','/canalServer/nodeServer/config',NULL,20,0,0,0,'94,29','集群管理','GET','1',0,'admin','2018-09-06 02:27:18','admin','2020-06-17 16:07:12'),
(251,'3','查询配置properties信息','CANAL_CLUSTERS_CONFIG_PROPERTIES','/canal/{env:[a-zA-Z_0-9]+}/config/{id:[0-9]+}/{id2:[0-9]+}',NULL,NULL,21,1,0,0,'94,29','集群管理','GET','1',0,'admin','2018-08-04 13:12:44','admin','2020-06-05 13:33:43'),
(252,'2','推荐文章','WikiArticleRecommend','articleRecommend','/wiki/article/recommend',NULL,103,1,0,0,'36,203','运营管理','GET','1',0,'test','2020-03-14 21:33:25','admin','2020-10-02 15:10:07'),
(253,'3','修改文章推荐位','WikiArticleRecommendEdit','/wiki/admin/article/recommend',NULL,NULL,2,1,0,0,'36,203,252','推荐文章','POST','1',0,'test','2020-03-14 21:30:15','admin','2020-10-02 15:12:32'),
(254,'3','查询文章推荐位','WikiArticleRecommendSearch','/wiki/admin/article/recommend',NULL,NULL,1,1,0,0,'36,203,252','推荐文章','GET','1',0,'test','2020-03-14 21:30:15','admin','2020-10-02 15:11:55'),
(255,'2','数据字典','UpmsDict','dict',NULL,NULL,100,0,0,1,'1','系统管理',NULL,'1',0,'test','2020-07-01 16:49:23','admin','2021-09-26 01:53:35'),
(256,'2','职位管理','UpmsPosition','position',NULL,NULL,5,0,0,1,'422','组织管理',NULL,'1',0,'test','2020-07-02 08:34:10','admin','2021-10-16 04:49:37'),
(257,'3','分页查询组织','UPMS_DEPARTMENT_PAGE_SEARCH','/upms/department/{page:[0-9]+}/{size:[0-9]+}',NULL,NULL,1,1,0,1,'422,129','组织管理','GET','1',0,'admin','2018-07-27 17:35:33','admin','2021-10-16 04:49:16'),
(258,'3','添加组织','UPMS_DEPARTMENT_ADD','/upms/department',NULL,NULL,2,1,0,1,'422,129','组织管理','POST','1',0,'admin','2018-07-27 17:35:33','admin','2021-10-16 04:49:16'),
(259,'3','修改组织','UPMS_DEPARTMENT_EDIT','/upms/department/{id:[0-9]+}',NULL,NULL,3,1,0,1,'422,129','组织管理','PUT','1',0,'admin','2018-07-27 17:35:33','admin','2021-10-16 04:49:16'),
(260,'3','删除组织','UPMS_DEPARTMENT_DEL','/upms/department/{id:[0-9]+}',NULL,NULL,4,1,0,1,'422,129','组织管理','DELETE','1',0,'admin','2018-07-27 17:35:33','admin','2021-10-16 04:49:16'),
(261,'5','查询组织树','UPMS_DEPARTMENT_TREE','/upms/department/tree/{pid:[0-9]+}',NULL,NULL,100,1,0,1,'422,129','组织管理','GET','1',0,'test','2018-07-27 17:35:33','admin','2021-10-16 04:49:16'),
(262,'3','分页查询职位','UPMS_POSITION_PAGE_SEARCH','/upms/position/{page:[0-9]+}/{size:[0-9]+}',NULL,NULL,1,1,0,1,'422,256','职位管理','GET','1',0,'admin','2018-07-27 17:35:33','admin','2021-10-16 04:49:37'),
(263,'3','分页查询字典','UPMS_DICT_PAGE_SEARCH','/upms/dict/{page:[0-9]+}/{size:[0-9]+}',NULL,NULL,1,1,0,1,'1,255','数据字典','GET','1',0,'admin','2018-07-27 17:35:33','admin','2020-07-04 12:03:25'),
(264,'3','添加字典','UPMS_DICT_ADD','/upms/dict',NULL,NULL,2,1,0,1,'1,255','数据字典','POST','1',0,'admin','2018-07-27 17:35:33','admin','2020-07-04 12:03:25'),
(265,'3','修改字典','UPMS_DICT_EDIT','/upms/dict/{id:[0-9]+}',NULL,NULL,3,1,0,1,'1,255','数据字典','PUT','1',0,'admin','2018-07-27 17:35:33','admin','2020-07-04 12:03:25'),
(266,'3','删除字典','UPMS_DICT_DEL','/upms/dict/{id:[0-9]+}',NULL,NULL,4,1,0,1,'1,255','数据字典','DELETE','1',0,'admin','2018-07-27 17:35:33','admin','2020-07-04 12:03:25'),
(267,'5','查询字典数据','UPMS_DICT_DATA','/upms/dict/data/{code}',NULL,NULL,10,1,0,1,'1,255','数据字典','GET','1',0,'admin','2018-07-27 17:35:33','admin','2022-08-26 11:07:42'),
(268,'3','添加职位','UPMS_POSITION_ADD','/upms/position',NULL,NULL,2,1,0,1,'422,256','职位管理','POST','1',0,'admin','2018-07-27 17:35:33','admin','2021-10-16 04:49:37'),
(269,'3','修改职位','UPMS_POSITION_EDIT','/upms/position/{id:[0-9]+}',NULL,NULL,3,1,0,1,'422,256','职位管理','PUT','1',0,'admin','2018-07-27 17:35:33','admin','2021-10-16 04:49:37'),
(270,'3','删除职位','UPMS_POSITION_DEL','/upms/position/{id:[0-9]+}',NULL,NULL,4,1,0,1,'422,256','职位管理','DELETE','1',0,'admin','2018-07-27 17:35:33','admin','2021-10-16 04:49:37'),
(271,'3','分配组织职位','UPMS_DEPARTMENT_POSITIONS','/upms/department/{id:[0-9]+}/positions',NULL,NULL,20,1,0,1,'422,129','组织管理','','1',0,'admin','2018-07-27 17:35:33','admin','2021-10-16 04:49:16'),
(272,'5','查询组织职位','UPMS_DEPARTMENT_POSITIONS_SEARCH','/upms/department/{id:[0-9]+}/positions/*',NULL,NULL,101,1,0,1,'422,129','组织管理','GET','1',0,'admin','2018-07-27 17:35:33','admin','2021-10-16 04:49:16'),
(273,'5','查询职位列表','UPMS_POSITION_SEARCH','/upms/position/search',NULL,NULL,100,1,0,1,'422,256','职位管理','GET','1',0,'admin','2018-07-27 17:35:33','admin','2021-10-16 04:49:37'),
(274,'3','查询字典明细','UPMS_DICT_DETAIL','/upms/dict/{id:[0-9]+}',NULL,NULL,5,1,0,1,'1,255','数据字典','GET','1',0,'admin','2018-07-27 17:35:33','admin','2020-07-04 12:03:25'),
(275,'1','Nacos管理','Nacos','nacos','/nacos/cluster/nodes','table',6,0,0,0,'0',NULL,NULL,'1',0,'admin','2020-09-28 06:33:31','admin','2021-11-03 08:52:01'),
(276,'1','租户管理','NacosTetant','tenant','/nacos/tenant/namespace','user',2,0,0,0,'275','Nacos管理',NULL,'1',0,'admin','2020-09-28 06:42:20','admin','2022-04-24 15:38:22'),
(277,'2','集群空间','NacosClusterNamespace','namespace',NULL,'table',1,0,0,0,'275,276','租户管理',NULL,'1',0,'admin','2020-09-28 06:43:57','admin','2025-06-06 02:49:54'),
(278,'1','配置管理','NacosConfigs','configs','/nacos/configs/index','tree-table',3,0,0,0,'275','Nacos管理',NULL,'1',0,'admin','2020-09-28 06:42:20','admin','2022-04-24 15:38:36'),
(279,'2','配置列表','NacosConfigsIndex','index',NULL,NULL,1,0,0,0,'275,278','配置管理',NULL,'1',0,'admin','2020-09-28 06:43:57','admin','2020-10-01 14:24:50'),
(280,'1','服务管理','NacosServices','services','/nacos/services/publish','dashboard',4,0,0,0,'275','Nacos管理',NULL,'1',0,'admin','2020-09-28 06:42:20','admin','2022-04-24 15:38:57'),
(281,'1','集群管理','NacosCluster','cluster','/nacos/cluster/index','tree',1,0,0,0,'275','Nacos管理',NULL,'1',0,'admin','2020-09-28 06:42:20','admin','2022-04-24 15:38:04'),
(282,'2','服务列表','NacosServicesIndex','index',NULL,NULL,1,0,0,0,'275,280','服务管理',NULL,'1',0,'admin','2020-09-28 06:43:57','admin','2020-10-02 00:18:57'),
(283,'2','订阅者列表','NacosServiceSubscribers','subscribes',NULL,NULL,2,0,0,0,'275,280','服务管理',NULL,'1',0,'admin','2020-09-28 06:43:57','admin','2022-05-17 00:42:10'),
(284,'2','节点列表','NacosClusterNodes','nodes',NULL,NULL,1,0,0,0,'275,281','集群管理',NULL,'1',0,'admin','2020-09-28 06:43:57','admin','2020-10-02 00:15:33'),
(285,'2','历史版本','NacosConfigsHistory','history',NULL,NULL,2,0,0,0,'275,278','配置管理',NULL,'1',0,'admin','2020-09-28 06:43:57',NULL,NULL),
(286,'2','监听查询','NacosConfigsListener','listener',NULL,NULL,3,0,0,0,'275,278','配置管理',NULL,'1',0,'admin','2020-09-28 06:43:57','admin','2020-10-01 14:29:21'),
(287,'3','创建','NacosTenantNamespaceAdd','/devops/nacos/namespaces',NULL,NULL,2,0,0,0,'275,276,277','命名空间','POST','1',0,'admin','2020-10-01 01:27:56','admin','2022-05-03 13:22:46'),
(288,'3','修改','NacosTenantNamespaceEdit','/devops/nacos/namespaces/{id:[0-9]+}',NULL,NULL,3,0,0,0,'275,276,277','命名空间','PUT','1',0,'admin','2020-10-01 01:27:56','admin','2022-05-03 13:23:56'),
(289,'3','详细','NacosTenantNamespaceDetail','/devops/nacos/namespaces/{id:[0-9]+}',NULL,NULL,5,0,0,0,'275,276,277','命名空间','GET','1',0,'admin','2020-10-01 01:27:56','admin','2022-05-03 13:24:21'),
(290,'3','删除','NacosTenantNamespaceDelete','/devops/nacos/namespaces/{id:[0-9]+}',NULL,NULL,4,0,0,0,'275,276,277','集群空间','DELETE','1',0,'admin','2020-10-01 01:27:56','admin','2022-05-14 15:54:39'),
(291,'2','添加配置','NacosConfigAdd','add',NULL,NULL,100,1,0,0,'275,278','配置管理',NULL,'1',0,'admin','2020-09-28 06:43:57','admin','2020-10-01 14:24:50'),
(292,'2','配置详情','NacosConfigDetail','detail',NULL,NULL,101,1,0,0,'275,278','配置管理',NULL,'1',0,'test','2020-09-28 06:43:57','admin','2020-10-01 14:24:50'),
(293,'2','编辑配置','NacosConfigEdit','edit',NULL,NULL,102,1,0,0,'275,278','配置管理',NULL,'1',0,'test','2020-09-28 06:43:57','admin','2020-10-02 00:46:55'),
(294,'2','历史详情','NacosConfigHistory','history',NULL,NULL,103,1,0,0,'275,278','配置管理',NULL,'1',0,'admin','2020-09-28 06:43:57','admin','2020-10-01 14:24:50'),
(295,'2','配置回滚','NacosConfigRollback','rollback',NULL,NULL,104,1,0,0,'275,278','配置管理',NULL,'1',0,'admin','2020-09-28 06:43:57','admin','2020-10-01 14:24:50'),
(296,'2','服务详情','NacosServiceDetail','detail',NULL,NULL,100,1,0,0,'275,280','服务管理',NULL,'1',0,'admin','2020-09-28 06:43:57','admin','2020-10-01 14:24:50'),
(297,'3','分页查询','NacosConfigsIndexSearch','/devops/nacos/configs/{pageNo:[0-9]+}/{pageSize:[0-9]+}',NULL,NULL,1,0,0,0,'275,278,279','配置列表','GET','1',0,'admin','2020-10-01 01:27:56','admin','2022-05-15 03:37:51'),
(298,'3','创建','NacosConfigsIndexAdd','/devops/nacos/configs',NULL,NULL,1,0,0,0,'275,278,291','添加配置','POST','1',0,'admin','2020-10-01 01:27:56','admin','2022-05-15 03:28:08'),
(299,'3','删除','NacosConfigsIndexDelete','/devops/nacos/configs',NULL,NULL,3,0,0,0,'275,278,279','配置列表','DELETE','1',0,'admin','2020-10-01 01:27:56','admin','2022-05-15 09:25:03'),
(300,'3','编辑','NacosConfigsIndexEdit','/devops/nacos/configs',NULL,NULL,3,0,0,0,'275,278,293','编辑配置','PUT','1',0,'admin','2020-10-01 01:27:56','admin','2022-05-15 07:24:59'),
(301,'3','导出','NacosConfigsIndexExport','/devops/nacos/configs/export',NULL,NULL,4,0,1,0,'275,278,279','配置列表','GET','1',0,'admin','2020-10-01 01:27:56','test','2022-05-26 15:49:27'),
(302,'3','导入','NacosConfigsIndexImport','/devops/nacos/configs/import',NULL,NULL,5,0,0,0,'275,278,279','配置列表','POST','1',0,'admin','2020-10-01 01:27:56','admin','2022-05-24 16:30:03'),
(303,'3','克隆','NacosConfigsIndexClone','/devops/nacos/configs/clone',NULL,NULL,6,0,0,0,'275,278,279','配置列表','POST','1',0,'admin','2020-10-01 01:27:56','admin','2022-05-15 10:57:04'),
(304,'3','查询','NacosTenantNamespaceSearch','/devops/nacos/namespaces/{page:[0-9]+}/{size:[0-9]+}',NULL,NULL,1,0,0,0,'275,276,277','命名空间','GET','1',0,'admin','2020-10-01 01:27:56','admin','2022-05-03 13:24:47'),
(305,'3','查询','NacosClusterNodesSearch','/nacos/v1/core/cluster/nodes',NULL,NULL,1,0,0,0,'275,281,284','节点列表','GET','1',0,'admin','2020-10-01 01:27:56','admin','2020-10-02 00:46:02'),
(306,'3','查询','NacosServiceSubscribesSearch','/devops/nacos/subscribers/{pageNo:[0-9]+}/{pageSize:[0-9]+}',NULL,NULL,1,0,0,0,'275,280,283','订阅者列表','GET','1',0,'admin','2020-10-01 01:27:56','admin','2022-05-17 00:36:16'),
(307,'3','Data查询','NacosConfigsListenerSearch','/nacos/v1/cs/configs/listener',NULL,NULL,1,0,0,0,'275,278,286','监听查询','GET','1',0,'admin','2020-10-01 01:27:56','admin','2020-10-02 01:14:51'),
(308,'3','IP查询','NacosConfigsListenerSearch2','/nacos/v1/cs/listener',NULL,NULL,2,0,0,0,'275,278,286','监听查询','GET','1',0,'admin','2020-10-01 01:27:56','admin','2020-10-02 01:14:51'),
(309,'3','查询','NacosServicesIndexSearch','/devops/nacos/services/{pageNo:[0-9]+}/{pageSize:[0-9]+}',NULL,NULL,1,0,0,0,'275,280,282','服务列表','GET','1',0,'admin','2020-10-01 01:27:56','admin','2022-05-16 00:34:48'),
(310,'3','创建','NacosServicesIndexAdd','/devops/nacos/services',NULL,NULL,2,0,0,0,'275,280,282','服务列表','POST','1',0,'admin','2020-10-01 01:27:56','admin','2022-05-18 00:49:31'),
(311,'3','详情','NacosServicesIndexDetail','/devops/nacos/services',NULL,NULL,0,0,0,0,'275,280,296','服务详情','GET','1',0,'admin','2020-10-01 01:27:56','admin','2022-05-17 15:50:38'),
(312,'3','删除','NacosServicesIndexDelete','/devops/nacos/services',NULL,NULL,4,0,0,0,'275,280,282','服务列表','DELETE','1',0,'admin','2020-10-01 01:27:56','admin','2022-05-18 00:49:40'),
(313,'3','编辑服务','NacosServiceDetailEdit','/devops/nacos/services',NULL,NULL,1,0,0,0,'275,280,296','服务详情','PUT','1',0,'admin','2020-10-01 01:27:56','admin','2022-05-18 14:41:20'),
(314,'3','编辑服务集群','NacosServiceClusterEdit','/nacos/v1/ns/cluster',NULL,NULL,2,0,0,0,'275,280,296','服务详情','PUT','1',0,'admin','2020-10-01 01:27:56','admin','2020-10-02 01:32:28'),
(315,'3','查询服务实例','NacosServiceInstancesSearch','/devops/nacos/instances/{pageNo:[0-9]+}/{pageSize:[0-9]+}',NULL,NULL,3,0,0,0,'275,280,296','服务详情','GET','1',0,'admin','2020-10-01 01:27:56','admin','2022-05-17 15:58:05'),
(316,'3','编辑服务实例','NacosServiceInstanceEdit','/devops/nacos/instances',NULL,NULL,4,0,0,0,'275,280,296','服务详情','PUT','1',0,'admin','2020-10-01 01:27:56','admin','2022-05-18 14:41:41'),
(317,'3','查询','NacosConfigsHistorySearch','/devops/nacos/history/{pageNo:[0-9]+}/{pageSize:[0-9]+}',NULL,NULL,1,0,0,0,'275,278,285','历史版本','GET','1',0,'admin','2020-10-01 01:27:56','admin','2022-05-15 16:57:15'),
(318,'3','详情','NacosConfigsHistoryDetail','/devops/nacos/history',NULL,NULL,1,0,0,0,'275,278,294','历史详情','GET','1',0,'admin','2020-10-01 01:27:56','admin','2022-05-15 16:55:20'),
(319,'3','回滚','NacosConfigsHistoryRollback','/devops/nacos/history',NULL,NULL,3,0,0,0,'275,278,295','配置回滚','PUT','1',0,'admin','2020-10-01 01:27:56','admin','2022-05-16 13:18:58'),
(320,'2','Mock数据','KafkaMocker','mocker',NULL,NULL,4,0,0,0,'103','Kafka管理','','0',0,'admin','2018-09-27 11:29:37','admin','2025-08-11 10:22:33'),
(321,'5','用户验证码','SSO_CAPTCHA','/auth/captcha/*',NULL,NULL,1000,0,0,0,'1,2',NULL,NULL,'1',0,'admin','2018-08-15 10:09:59','admin','2019-11-14 21:03:06'),
(322,'2','Mock GPS','MockGPS','MockGPS',NULL,NULL,6,0,0,0,'103','Kafka管理','','0',0,'admin','2018-09-27 11:29:37','admin','2025-08-11 10:22:39'),
(323,'3','执行Mock','mockExe','/devops/topic/ext/mock',NULL,NULL,1,0,0,0,'103,320','Mock数据','POST','1',0,'admin','2020-12-09 06:15:10',NULL,NULL),
(324,'3','执行MockGPS','mockGPSExe','/devops/gps/mock',NULL,NULL,1,0,0,0,'103,322','MockGPS','POST','1',0,'admin','2020-12-09 06:15:10','admin','2020-12-09 14:25:13'),
(325,'1','RocketMQ管理','RocketMQ','rocketMQ',NULL,'list',7,0,0,0,'0',NULL,NULL,'1',0,'admin','2021-01-08 04:11:10','admin','2021-09-08 11:45:07'),
(326,'2','流量监控','RocketMQDashboard','dashboard',NULL,NULL,10,0,0,0,'325','RocketMQ管理',NULL,'1',0,'admin','2021-01-08 04:12:31','admin','2025-06-06 10:26:06'),
(327,'2','集群管理','RocketMQCluster','cluster',NULL,NULL,1,0,0,0,'325','RocketMQ管理',NULL,'1',0,'admin','2021-01-08 04:13:34','admin','2025-06-06 03:16:44'),
(328,'2','主题管理','RocketMQTopic','topic',NULL,NULL,3,0,0,0,'325','RocketMQ管理',NULL,'1',0,'admin','2021-01-08 04:14:33',NULL,NULL),
(329,'2','消费者管理','RocketMQConsumer','consumer',NULL,NULL,4,0,0,0,'325','RocketMQ管理',NULL,'1',0,'admin','2021-01-08 04:28:47',NULL,NULL),
(330,'2','生产者管理','RocketMQProducer','producer',NULL,NULL,5,0,0,0,'325','RocketMQ管理',NULL,'1',0,'admin','2021-01-08 04:29:21',NULL,NULL),
(331,'2','消息搜索','RocketMQMessage','message',NULL,NULL,6,0,0,0,'325','RocketMQ管理',NULL,'1',0,'admin','2021-01-08 04:29:56','admin','2021-01-08 12:30:04'),
(332,'3','查询','RocketMQClusterSearch','/devops/rocketmq/cluster',NULL,NULL,1,1,0,0,'325,327','集群管理','GET','1',0,'admin','2018-09-06 02:27:18','admin','2020-06-02 13:54:18'),
(333,'3','查询Topic','RocketMQDashboardTopic','/devops/rocketmq/dashboard/topicCurrent',NULL,NULL,1,1,0,0,'325,326','驾驶舱','GET','1',0,'admin','2018-09-06 02:27:18','admin','2022-05-25 15:14:17'),
(334,'3','查询Broker','RocketMQDashboardBroker','/devops/rocketmq/dashboard/broker',NULL,NULL,2,1,0,0,'325,326','驾驶舱','GET','1',0,'admin','2018-09-06 02:27:18','admin','2021-01-08 12:49:48'),
(335,'3','查询TopicTrend','RocketMQDashboardTopicTrend','/devops/rocketmq/dashboard/topic',NULL,NULL,3,1,0,0,'325,326','驾驶舱','GET','1',0,'admin','2018-09-06 02:27:18','admin','2021-01-08 12:49:54'),
(336,'3','主题查询','ROCKET_MQ_TOPIC_SEARCH','/devops/rocketmq/topic',NULL,NULL,1,0,0,0,'325,328','主题管理','GET','1',0,'admin','2021-01-11 06:02:29',NULL,NULL),
(337,'1','配置管理','CloudIaaS','IaaS','/sys/project/code','tree',2,1,0,0,'119','平台管理',NULL,'1',0,'admin','2019-11-04 13:26:12','admin','2021-10-26 05:47:43'),
(338,'2','Database','IaaSDatabase','database',NULL,NULL,2,0,0,0,'119,337','IaaS管理','','1',0,'admin','2018-08-15 01:53:39','admin','2021-01-30 02:35:59'),
(339,'3','查询','IAAS_DATABASE_SEARCH','/sys/iaas/database/{page:[0-9]+}/{size:[0-9]+}',NULL,NULL,1,0,0,0,'119,337,338','Database','GET','1',0,'admin','2018-08-11 05:58:44','admin','2021-01-30 05:24:13'),
(340,'3','添加','IAAS_DATABASE_ADD','/sys/iaas/database',NULL,NULL,2,1,0,0,'119,337,338','Database','POST','1',0,'admin','2018-09-26 03:07:13','admin','2018-09-26 11:12:06'),
(341,'3','修改','IAAS_DATABASE_EDIT','/sys/iaas/database/{id:[0-9]+}',NULL,NULL,3,1,0,0,'119,337,338','Database','PUT','1',0,'admin','2018-09-26 03:07:13','admin','2021-01-30 05:32:37'),
(342,'2','租户管理','UpmsTenant','dict',NULL,NULL,7,0,0,1,'422','组织管理',NULL,'1',0,'admin','2020-07-01 16:49:23','admin','2021-10-16 04:48:41'),
(343,'3','分页查询','UPMS_TENANT_SEARCH','/upms/tenant/{page:[0-9]+}/{size:[0-9]+}',NULL,NULL,1,1,0,1,'422,342','租户管理','GET','1',0,'admin','2018-07-27 17:35:33','admin','2021-10-16 04:48:41'),
(344,'3','同步第三方书籍','WIKI_BOOKS_FETCH','/wiki/admin/books/fetch',NULL,NULL,26,1,0,0,'36,203,157','书籍管理','POST','1',0,'admin','2020-01-15 10:57:55','test','2020-06-29 15:34:21'),
(345,'3','同步书籍目录/章节','WIKI_BOOKS_SYNC','/wiki/admin/books/{id:[0-9]+}/sync',NULL,NULL,27,1,0,0,'36,203,157','书籍管理','POST','1',0,'admin','2020-01-19 18:43:45','test','2020-06-29 15:37:31'),
(346,'3','批量同步书籍目录/章节','WIKI_BOOKS_SYNC_BATCH','/wiki/admin/books/batch/sync',NULL,NULL,28,1,0,0,'36,203,157','书籍管理','POST','1',0,'admin','2020-01-15 10:57:55','admin','2021-05-26 15:24:05'),
(347,'3','收藏书籍','WIKI_BOOKS_FAVORITES','/wiki/admin/books/{id:[0-9]+}/favor',NULL,NULL,29,1,0,0,'36,203,157','书籍管理','POST','1',0,'admin','2020-01-15 10:57:55','admin','2021-05-29 07:44:02'),
(349,'1','基础管理','CloudBase',NULL,NULL,NULL,1,0,0,0,'119','综合管理',NULL,'1',1,'admin','2021-06-03 04:39:19','admin','2021-06-11 13:10:07'),
(350,'1','工具管理','CloudTools',NULL,NULL,'edit',10,0,0,0,'119','综合管理',NULL,'1',0,'admin','2021-06-03 05:00:49','admin','2021-06-11 13:11:53'),
(351,'2','代码生成','ToolsCodegen',NULL,NULL,NULL,1,0,0,0,'119,350','工具管理',NULL,'1',0,'admin','2021-06-03 05:19:10','admin','2021-06-11 13:19:02'),
(352,'3','分页查询','SYS_TOOLS_CODEGEN_PAGE_SEARCH','/sys/tools/codegen/{dsId:[0-9]+}/{page:[0-9]+}/{size:[0-9]+}',NULL,NULL,1,0,0,0,'119,350,351','代码生成','GET','1',0,'admin','2021-06-03 05:52:03','admin','2021-06-06 00:44:03'),
(353,'3','代码生成预览','SYS_TOOLS_CODEGEN_PREVIEW','/sys/tools/codegen/preview/{dsId:[0-9]+}',NULL,NULL,3,0,0,0,'119,350,357','代码生成规则','POST','1',0,'admin','2021-06-03 05:52:03','admin','2021-06-11 12:58:40'),
(354,'3','代码生成','SYS_TOOLS_CODEGEN_MYBATIS','/sys/tools/codegen/mybatis/{dsId:[0-9]+}',NULL,NULL,4,0,0,0,'119,350,357','代码生成规则','POST','1',0,'admin','2021-06-03 05:52:03','admin','2021-06-11 12:58:48'),
(355,'5','项目数据库列表','SYS_PROJECT_DB','/sys/project/{id:[0-9]+}/db',NULL,NULL,101,1,0,0,'119,130,26','项目代码','GET','1',0,'admin','2019-11-12 13:55:04','admin','2021-06-04 00:24:55'),
(356,'5','数据源库列表','SYS_APP_DB_DS','/sys/app/datasource/{id:[0-9]+}/ds',NULL,NULL,102,1,0,0,'119,130,26','项目代码','GET','1',0,'admin','2019-11-12 13:55:04','admin','2021-06-04 00:24:55'),
(357,'2','代码生成规则','ToolsCodegenRule',NULL,NULL,NULL,10,1,0,0,'119,350','工具管理',NULL,'1',0,'admin','2021-06-03 05:19:10','admin','2021-06-11 13:19:10'),
(358,'3','代码生成规则','SYS_TOOLS_CODEGEN_RULE','/sys/tools/codegen/{dsId:[0-9]+}',NULL,NULL,2,0,0,0,'119,350,351','代码生成','GET','1',0,'admin','2021-06-03 05:52:03','admin','2021-06-11 12:49:02'),
(372,'2','租户管理','SysTenant','',NULL,NULL,1,0,0,1,'119,349','sys',NULL,'1',1,'admin','2021-06-10 21:31:20',NULL,NULL),
(373,'3','租户管理查询','SysTenantSearch','/sys/tenant/{page:[0-9]+}/{size:[0-9]+}',NULL,NULL,0,0,0,1,'119,349,372','租户管理','GET','1',1,'admin','2021-06-10 21:31:20',NULL,NULL),
(374,'3','租户管理添加','UPMS_TENANT_ADD','/upms/tenant',NULL,NULL,2,0,0,1,'422,342','租户管理','POST','1',0,'admin','2021-06-10 21:31:22','admin','2021-10-16 04:48:41'),
(375,'3','租户管理修改','UPMS_TENANT_EDIT','/upms/tenant/{id:[0-9]+}',NULL,NULL,3,0,0,1,'422,342','租户管理','PUT','1',0,'admin','2021-06-10 21:31:23','admin','2021-10-16 04:48:41'),
(376,'3','租户管理详细','UPMS_TENANT_DETAIL','/upms/tenant/{id:[0-9]+}',NULL,NULL,5,0,0,1,'422,342','租户管理','GET','1',0,'admin','2021-06-10 21:31:23','admin','2021-10-16 04:48:41'),
(377,'3','租户管理删除','UPMS_TENANT_DELETE','/upms/tenant/{id:[0-9]+}',NULL,NULL,4,1,0,0,'422,342','租户管理','DELETE','1',0,'admin','2021-06-10 21:31:23','admin','2021-10-16 04:48:41'),
(378,'2','Swagger','SysToolsSwagger',NULL,NULL,NULL,9,0,0,0,'119,350','工具管理',NULL,'1',0,'admin','2021-06-11 04:04:52','admin','2021-10-22 03:09:53'),
(379,'3','代码生成（第三方工具）','SYS_TOOLS_CODEGEN_MYBATIS3','/sys/tools/codegen/mybatis3/{dsId:[0-9]+}',NULL,NULL,5,0,0,0,'119,350,380','代码生成规则（第三方工具）','POST','1',0,'admin','2021-06-03 05:52:03','admin','2021-06-11 12:58:22'),
(380,'2','代码生成规则（第三方工具）','ToolsCodegenRule3',NULL,NULL,NULL,11,1,0,0,'119,350','工具管理',NULL,'1',0,'admin','2021-06-03 05:19:10','admin','2021-06-11 13:19:16'),
(381,'3','文件下载','SYS_DOWNLOAD','/sys/download/path',NULL,NULL,20,1,1,0,'119,350,351','代码生成','GET','1',0,'admin','2020-01-13 08:33:55','admin','2021-06-11 15:12:09'),
(382,'2','表字段备注','SysToolsTableColumnRemark','',NULL,NULL,2,0,0,1,'119,350','工具管理',NULL,'0',0,'admin','2021-06-12 04:40:48','admin','2021-06-12 12:57:34'),
(383,'3','表字段备注查询','SysToolsTableColumnRemarkSearch','/sys/tools/table/column/{page:[0-9]+}/{size:[0-9]+}',NULL,NULL,0,0,0,1,'119,350,382','表字段备注','GET','1',0,'admin','2021-06-12 04:40:49',NULL,NULL),
(384,'3','表字段备注添加','SysToolsTableColumnRemarkAdd','/sys/tools/table/column',NULL,NULL,1,0,0,1,'119,350,382','表字段备注','POST','1',0,'admin','2021-06-12 04:40:49',NULL,NULL),
(385,'3','表字段备注修改','SysToolsTableColumnRemarkEdit','/sys/tools/table/column/{id:[0-9]+}',NULL,NULL,2,0,0,1,'119,350,382','表字段备注','PUT','1',0,'admin','2021-06-12 04:40:49',NULL,NULL),
(386,'3','表字段备注详细','SysToolsTableColumnRemarkDetail','/sys/tools/table/column/{id:[0-9]+}',NULL,NULL,3,0,0,1,'119,350,382','表字段备注','GET','1',0,'admin','2021-06-12 04:40:49',NULL,NULL),
(387,'3','表字段备注删除','SysToolsTableColumnRemarkDelete','/sys/tools/table/column/{id:[0-9]+}',NULL,NULL,4,1,0,0,'119,350,382','表字段备注','DELETE','1',0,'admin','2021-06-12 04:40:49',NULL,NULL),
(388,'3','配置','ROCKETMQ_CLUSTER_CONFIG','/devops/rocketmq/cluster/brokerConfig',NULL,NULL,2,1,0,0,'325,327','集群管理','GET','1',0,'admin','2018-09-06 02:27:18','admin','2020-06-02 13:54:18'),
(389,'2','申请列表','NacosProjectApply','namespace',NULL,'guide',10,0,0,0,'275,276','租户管理',NULL,'1',0,'admin','2020-09-28 06:43:57','admin','2025-06-06 02:49:37'),
(390,'2','项目管理','UpmsProject','dict',NULL,NULL,8,0,0,1,'422','组织管理',NULL,'1',0,'admin','2020-07-01 16:49:23','admin','2021-10-16 04:49:48'),
(391,'3','分页查询','UPMS_PROJECT_PAGE','/upms/project/{page:[0-9]+}/{size:[0-9]+}',NULL,NULL,1,1,0,1,'422,390','项目管理','GET','1',0,'admin','2018-07-27 17:35:33','admin','2022-05-24 17:15:09'),
(392,'3','添加项目','UPMS_PROJECT_ADD','/upms/project',NULL,NULL,2,1,0,1,'422,390','项目管理','POST','1',0,'admin','2018-07-27 17:35:33','admin','2021-10-16 04:49:48'),
(393,'3','编辑项目','UPMS_PROJECT_EDIT','/upms/project/{id:[0-9]+}',NULL,NULL,3,1,0,1,'422,390','项目管理','PUT','1',0,'admin','2018-07-27 17:35:33','admin','2021-10-16 04:49:48'),
(394,'4','查询用户选择列表','UPMS_USER_AVAILABLE','/upms/user/valid',NULL,NULL,7,0,0,0,'1,2','用户管理','GET','1',0,'admin','2018-08-10 09:59:54','admin','2021-11-30 05:59:50'),
(395,'2','命名空间','UpmsNamespace','dict',NULL,NULL,9,0,0,1,'422','组织管理',NULL,'0',1,'admin','2020-07-01 16:49:23','admin','2022-05-09 00:58:50'),
(396,'3','Nacos命名空间同步','NacosTenantNamespaceSync','/devops/nacos/namespaces/sync/{clusterId}',NULL,NULL,10,0,0,1,'275,276,277','命名空间','POST','1',0,'admin','2021-06-10 21:31:23','admin','2022-05-04 03:56:04'),
(397,'4','查询项目用户','UPMS_PROJECT_USERS','/upms/project/{id:[0-9]+}/users',NULL,NULL,10,0,0,1,'422,390','项目管理','GET','1',0,'admin','2018-07-27 17:35:33','admin','2021-12-07 03:01:09'),
(398,'3','修改项目用户','UPMS_PROJECTS_ADD_MEMBERS','/upms/project/users',NULL,NULL,11,1,0,1,'422,390','项目管理','POST','1',0,'admin','2018-07-27 17:35:33','admin','2025-05-29 07:12:45'),
(399,'4','查询组织租户','UPMS_DEPARTMENT_TENANTS2','/upms/department/{id:[0-9]+}/tenants2',NULL,NULL,22,0,0,1,'422,129','部门管理','GET','0',0,'admin','2018-07-27 17:35:33','admin','2022-07-27 13:21:07'),
(400,'3','修改项目命名空间','UPMS_PROJECT_NAMESPACES_EDIT','/upms/project/{id:[0-9]+}/namespaces',NULL,NULL,14,1,0,1,'422,390','项目管理','POST','1',1,'admin','2018-07-27 17:35:33','admin','2021-10-16 04:49:48'),
(401,'3','分页查询','UPMS_NAMESPACE_SEARCH','/upms/namespace/{page:[0-9]+}/{size:[0-9]+}',NULL,NULL,1,1,0,1,'422,395','命名空间','GET','1',0,'admin','2018-07-27 17:35:33','admin','2021-10-16 04:50:09'),
(402,'3','添加','UPMS_NAMESPACE_ADD','/upms/namespace',NULL,NULL,2,1,0,1,'422,395','命名空间','POST','1',0,'admin','2018-07-27 17:35:33','admin','2021-10-16 04:50:09'),
(403,'3','编辑','UPMS_NAMESPACE_EDIT','/upms/namespace/{id:[0-9]+}',NULL,NULL,3,1,0,1,'422,395','命名空间','PUT','1',0,'admin','2018-07-27 17:35:33','admin','2021-10-16 04:50:09'),
(404,'4','命名空间列表','UPMS_NAMESPACE_LIST','/upms/namespace/available',NULL,NULL,11,0,0,1,'422,395','命名空间','GET','1',0,'admin','2021-06-10 21:31:23','admin','2021-12-08 06:33:34'),
(405,'3','详情','UPMS_NAMESPACE_DETAIL','/upms/namespace/{id:[0-9]+}',NULL,NULL,4,1,0,1,'422,395','命名空间','GET','1',0,'admin','2018-07-27 17:35:33','admin','2021-10-16 04:50:09'),
(406,'4','有效租户列表','UPMS_TENANT_available','/upms/tenant/available',NULL,NULL,11,0,0,1,'422,342','租户管理','GET','1',0,'admin','2021-06-10 21:31:23','admin','2023-01-05 10:21:17'),
(407,'5','用户租户列表','UPMS_USER_TENANTS','/upms/user/tenants',NULL,NULL,105,1,0,0,'1,2','用户管理','GET','1',0,'admin','2019-11-26 06:58:33','admin','2020-07-04 11:56:05'),
(408,'5','用户租户项目列表','UPMS_USER_TENANT_PROJECTS','/upms/user/tenant/{tenantId:[0-9]+}/projects',NULL,NULL,106,1,0,0,'1,2','用户管理','GET','1',0,'admin','2019-11-26 06:58:33','admin','2020-07-04 11:56:05'),
(409,'3','主题消息查询','ROCKET_MQ_MESSAGE_SEARCH','/devops/rocketmq/message/queryByTopic',NULL,NULL,1,0,0,0,'325,331','消息搜索','GET','1',0,'admin','2021-01-11 06:02:29','admin','2021-10-15 01:51:08'),
(410,'3','主题消息查询(根据KEY查询)','ROCKET_MQ_MESSAGE_SEARCH2','/devops/rocketmq/message/queryByTopicAndKey',NULL,NULL,2,0,0,0,'325,331','消息搜索','GET','1',0,'admin','2021-01-11 06:02:29','admin','2023-09-21 08:47:05'),
(411,'3','消息详情查询','ROCKETMQ_CLUSTER_DETAIL','/devops/rocketmq/message/view',NULL,NULL,3,0,0,0,'325,331','消息搜索','GET','1',0,'admin','2021-01-11 06:02:29','admin','2021-10-15 01:51:19'),
(412,'3','消息重发','ROCKETMQ_MESSAGE_RESEND','/devops/rocketmq/message/consumeMessageDirectly',NULL,NULL,4,0,0,0,'325,331','消息搜索','POST','1',0,'admin','2021-01-11 06:02:29','admin','2021-10-15 01:51:19'),
(413,'3','添加|编辑主题','ROCKET_MQ_TOPIC_ADD','/devops/rocketmq/topic',NULL,NULL,2,0,0,0,'325,328','主题管理','POST','1',0,'admin','2021-01-11 06:02:29',NULL,NULL),
(414,'3','主题状态','ROCKET_MQ_TOPIC_STATUS','/devops/rocketmq/topic/stats',NULL,NULL,3,0,0,0,'325,328','主题管理','GET','1',0,'admin','2021-01-11 06:02:29',NULL,NULL),
(415,'3','主题路由','ROCKET_MQ_TOPIC_ROUTE','/devops/rocketmq/topic/route',NULL,NULL,4,0,0,0,'325,328','主题管理','GET','1',0,'admin','2021-01-11 06:02:29',NULL,NULL),
(416,'3','主题配置','ROCKET_MQ_TOPIC_CONFIG','/devops/rocketmq/topic/config',NULL,NULL,5,0,0,0,'325,328','主题管理','GET','1',0,'admin','2021-01-11 06:02:29',NULL,NULL),
(417,'3','主题Consumer','ROCKET_MQ_TOPIC_CONSUMER','/devops/rocketmq/topic/consumer',NULL,NULL,6,0,0,0,'325,328','主题管理','GET','1',0,'admin','2021-01-11 06:02:29',NULL,NULL),
(418,'3','主题重置消费起点','ROCKET_MQ_TOPIC_RESET','/devops/rocketmq/topic/consumerInfo',NULL,NULL,7,0,0,0,'325,328','主题管理','GET','1',0,'admin','2021-01-11 06:02:29','admin','2021-10-15 06:35:37'),
(419,'3','主题发消息','ROCKET_MQ_TOPIC_SEND','/devops/rocketmq/topic/sendMessage',NULL,NULL,8,0,0,0,'325,328','主题管理','POST','1',0,'admin','2021-01-11 06:02:29',NULL,NULL),
(420,'3','主题发消息','ROCKET_MQ_TOPIC_DELETE','/devops/rocketmq/topic',NULL,NULL,9,0,0,0,'325,328','主题管理','DELETE','1',0,'admin','2021-01-11 06:02:29',NULL,NULL),
(421,'3','编辑主题','ROCKET_MQ_TOPIC_EDIT','/devops/rocketmq/topic',NULL,NULL,10,0,0,0,'325,328','主题管理','PUT','1',0,'admin','2021-01-11 06:02:29',NULL,NULL),
(422,'1','组织管理','Org',NULL,NULL,'tree-table',2,0,0,0,'0',NULL,NULL,'1',0,'admin','2021-10-15 20:47:41','admin','2022-04-10 08:28:05'),
(423,'4','查询部门租户','UPMS_DEPARTMENT_TENANTS','/upms/department/{id:[0-9]+}/tenants',NULL,NULL,21,0,0,1,'422,129','部门管理','GET','1',0,'admin','2018-07-27 17:35:33','admin','2022-07-27 13:22:32'),
(424,'3','查询swagger api','SYS_TOOLS_SWAGGER_API','/{svcName}/v2/api-docs',NULL,NULL,1,0,1,0,'119,350,378','Swagger','GET','1',0,'admin','2021-06-03 05:52:03','admin','2021-10-25 15:56:09'),
(425,'5','用户项目空间列表','UPMS_USER_PROJECT_NAMESPACES','/upms/user/project/{projectId:[0-9]+}/namespaces',NULL,NULL,107,1,0,0,'1,2','用户管理','GET','1',0,'admin','2019-11-26 06:58:33','admin','2020-07-04 11:56:05'),
(426,'3','upms_api','TOOLS_SWAGGER_UPMS_API','/upms/v2/api-docs',NULL,NULL,2,0,0,0,'119,350,378','Swagger','GET','1',1,'admin','2021-06-03 05:52:03','admin','2021-10-25 15:56:09'),
(427,'1','工作台','Workbench',NULL,NULL,'tab',0,0,0,0,'0',NULL,NULL,'1',0,'admin','2021-10-27 19:44:00','admin','2021-10-28 12:13:27'),
(428,'3','申请Nacos空间','PROJECT_NAMESPACE_APPLY','/devops/nacos/user/apply/{projectId:[0-9]+}/{clusterId:[0-9]+}/namespaces',NULL,NULL,8,1,0,1,'275,433,435','应用配置列表','POST','1',0,'admin','2018-07-27 17:35:33','admin','2022-05-31 06:44:43'),
(429,'3','部门详情','UPMS_DEPARTMENT_DETAIL','/upms/department/{id:[0-9]+}',NULL,NULL,5,1,0,1,'422,129','部门管理','GET','1',0,'admin','2018-07-27 17:35:33','admin','2021-10-16 04:49:16'),
(430,'3','查询项目详情','UPMS_PROJECT_DETAIL','/upms/project/{id:[0-9]+}',NULL,NULL,4,1,0,1,'422,390','项目管理','GET','1',0,'admin','2018-07-27 17:35:33','admin','2021-11-12 01:56:23'),
(431,'3','分页查询','NACOS_PROJECT_APPLY_PAGE','/devops/nacos/apply/{page:[0-9]+}/{size:[0-9]+}',NULL,NULL,1,1,0,1,'275,276,389','申请列表','GET','1',0,'admin','2018-07-27 17:35:33','admin','2022-05-21 16:40:17'),
(432,'3','申请审核','NACOS_PROJECT_APPLY_APPROVE','/devops/nacos/apply/{id:[0-9]+}/approve',NULL,NULL,2,1,0,1,'275,276,389','申请列表','POST','1',0,'admin','2018-07-27 17:35:33','admin','2022-05-21 16:41:36'),
(433,'1','应用配置管理','NacosProjectConfigs',NULL,NULL,'tree-table',0,0,0,0,'275','Nacos管理',NULL,'1',0,'admin','2021-11-16 02:45:24','admin','2022-06-09 11:35:06'),
(434,'2','项目空间','NacosProjectNamespaces',NULL,NULL,'example',2,0,0,0,'275,276','租户管理',NULL,'1',0,'admin','2021-11-16 02:45:24','admin','2022-05-13 00:17:25'),
(435,'2','应用配置列表','NacosProjectConfigsIndex','index',NULL,NULL,1,0,0,0,'275,433','应用配置管理',NULL,'1',0,'admin','2020-09-28 06:43:57','admin','2021-11-23 07:29:19'),
(436,'4','空间的项目列表','UPMS_NAMESPACE_PROJECTS','/upms/namespace/{uid}/projects',NULL,NULL,104,0,0,1,'422,395','命名空间','GET','1',0,'admin','2018-07-27 17:35:33','admin','2021-12-08 06:33:16'),
(437,'2','添加应用配置','NacosProjectConfigAdd','add',NULL,NULL,101,1,0,0,'275,433','应用配置管理',NULL,'1',0,'admin','2020-09-28 06:43:57','admin','2020-10-01 14:24:50'),
(438,'2','编辑应用配置','NacosProjectConfigEdit','edit',NULL,NULL,102,1,0,0,'275,433','应用配置管理',NULL,'1',0,'admin','2020-09-28 06:43:57','admin','2021-11-23 06:45:13'),
(439,'2','应用配置详情','NacosProjectConfigDetail','detail',NULL,NULL,103,1,0,0,'275,433','应用配置管理',NULL,'1',0,'admin','2020-09-28 06:43:57','admin','2021-11-23 06:45:20'),
(440,'5','修改用户默认角色','UPMS_USER_CHANGE_DEFAULT_ROLE','/upms/user/change/role',NULL,NULL,105,1,0,0,'1,2','用户管理','POST','1',1,'admin','2019-11-26 06:58:33','admin','2020-07-04 11:56:05'),
(441,'3','查询','NACOS_PROJECT_CONFIGS_SEARCH','/devops/nacos/user/{projectId:[0-9]+}/configs/{pageNo:[0-9]+}/{pageSize:[0-9]+}',NULL,NULL,1,0,0,0,'275,433,435','应用配置列表','GET','1',0,'admin','2020-10-01 01:27:56','admin','2022-05-17 15:52:36'),
(442,'3','创建','NACOS_PROJECT_CONFIG_ADD','/devops/nacos/user/{projectId:[0-9]+}/configs',NULL,NULL,2,0,0,0,'275,433,437','添加应用配置','POST','1',0,'admin','2020-10-01 01:27:56','admin','2022-05-17 15:53:29'),
(443,'3','删除','NACOS_PROJECT_CONFIG_DELETE','/devops/nacos/user/{projectId:[0-9]+}/configs',NULL,NULL,3,0,0,0,'275,433,435','应用配置列表','DELETE','1',0,'admin','2020-10-01 01:27:56','admin','2022-05-22 03:12:50'),
(444,'3','编辑','NACOS_PROJECT_CONFIG_EDIT','/devops/nacos/user/{projectId:[0-9]+}/configs',NULL,NULL,1,0,0,0,'275,433,438','编辑应用配置','PUT','1',0,'admin','2020-10-01 01:27:56','admin','2022-05-22 02:40:18'),
(445,'3','导出','NACOS_PROJECT_CONFIGS_EXPORT','/devops/nacos/user/{projectId:[0-9]+}/configs/export',NULL,NULL,4,0,1,0,'275,433,435','应用配置列表','GET','1',0,'admin','2020-10-01 01:27:56','admin','2022-05-22 13:08:28'),
(446,'3','导入','NACOS_PROJECT_CONFIGS_IMPORT','/devops/nacos/user/{projectId:[0-9]+}/configs/import',NULL,NULL,5,0,1,0,'275,433,435','应用配置列表','POST','1',0,'admin','2020-10-01 01:27:56','admin','2022-05-23 00:40:37'),
(447,'3','克隆','NACOS_PROJECT_CONFIGS_CLONE','/devops/nacos/user/{projectId:[0-9]+}/configs/clone',NULL,NULL,6,0,0,0,'275,433,435','应用配置列表','POST','1',0,'admin','2020-10-01 01:27:56','admin','2022-05-22 12:08:40'),
(448,'3','分配角色接口','UPMS_ROLE_PERMISSION_INTERFACE','/upms/role/{id:[0-9]+}/permissions',NULL,NULL,7,1,0,1,'1,3','角色管理','PUT','1',0,'admin','2018-07-27 17:35:33','admin','2020-07-04 11:57:05'),
(449,'4','查询角色权限','UPMS_ROLE_PERMISSIONS','/upms/role/{id:[0-9]+}/permissions',NULL,NULL,6,0,0,1,'1,3','角色管理','GET','1',0,'admin','2018-07-27 17:35:33','admin','2021-12-03 01:40:19'),
(450,'5','图片库','WIKI_IMAGES','/wiki/upload/{dir:(ue|images|article)}/**',NULL,NULL,11,1,1,0,'36,202,192','图片库','GET','1',0,'admin','2022-04-09 06:59:17','admin','2022-04-10 08:10:39'),
(451,'5','当前租户数据库','IAAS_DATABASE_TENANT','/sys/iaas/database/tenant',NULL,NULL,4,1,0,0,'119,337,338','Database','GET','1',0,'admin','2018-09-26 03:07:13','admin','2021-01-30 05:32:37'),
(452,'3','数据库管理','IAAS_DATABASE_DETAIL','/sys/iaas/database/{id:[0-9]+}',NULL,NULL,4,1,0,0,'119,337,338','Database','GET','1',0,'admin','2018-09-26 03:07:13','admin','2021-01-30 05:32:37'),
(464,'3','Nacos分页查询','NACOS_CLUSTER_PAGE','/devops/nacos/clusters/{page:[0-9]+}/{size:[0-9]+}',NULL,NULL,2,0,0,0,'275,281,284','节点列表','GET','1',0,'admin','2020-10-01 01:27:56','admin','2022-04-30 05:55:28'),
(465,'3','nacos集群添加','NACOS_CLUSTER_ADD','/devops/nacos/clusters',NULL,NULL,3,0,0,0,'275,281,284','节点列表','POST','1',0,'admin','2020-10-01 01:27:56','admin','2022-04-30 05:55:40'),
(466,'3','nacos集群修改','NACOS_CLUSTER_EDIT','/devops/nacos/clusters/{id:[0-9]+}',NULL,NULL,4,0,0,0,'275,281,284','节点列表','PUT','1',0,'admin','2020-10-01 01:27:56','admin','2022-04-30 05:56:04'),
(467,'3','nacos集群详细','NACOS_CLUSTER_DETAIL','/devops/nacos/clusters/{id:[0-9]+}',NULL,NULL,5,0,0,0,'275,281,284','节点列表','GET','1',0,'admin','2020-10-01 01:27:56','admin','2022-04-30 05:56:14'),
(468,'3','nacos集群删除','NACOS_CLUSTER_DELETE','/devops/nacos/clusters/{id:[0-9]+}',NULL,NULL,6,0,0,0,'275,281,284','节点列表','DELETE','1',0,'admin','2020-10-01 01:27:56','admin','2022-04-30 05:56:26'),
(469,'5','集群列表','NACOS_CLUSTERS','/devops/nacos/clusters',NULL,NULL,7,1,0,0,'275,281,284','节点列表','GET','1',0,'admin','2020-10-01 01:27:56','admin','2022-04-30 07:09:07'),
(470,'4','nacos集群命名空间','NACOS_CLUSTER_NAMESPACES','/devops/nacos/clusters/{id:[0-9]+}/namespaces',NULL,NULL,8,0,0,0,'275,281,284','节点列表','GET','1',0,'admin','2020-10-01 01:27:56','admin','2022-05-15 04:50:56'),
(471,'3','查询详情','NACOS_CONFIGS_INDEX_DETAIL','/devops/nacos/configs',NULL,NULL,1,0,0,0,'275,278,292','配置详情','GET','1',0,'admin','2020-10-01 01:27:56','admin','2022-05-15 03:36:43'),
(472,'3','查询权限子节点','UPMS_PERMISSION_CHILDREN','/upms/permission/{id:[0-9]+}/children',NULL,NULL,6,1,0,1,'1,4','权限管理','GET','1',0,'admin','2018-07-27 17:35:33','admin','2022-05-11 17:53:41'),
(473,'2','项目列表','NacosTenantProjects','namespace',NULL,NULL,12,0,0,0,'275,433','应用配置管理',NULL,'1',1,'test','2020-09-28 06:43:57','admin','2022-05-13 00:19:56'),
(474,'3','分页查询','NACOS_PROJECT_PAGE','/devops/nacos/projects/{page:[0-9]+}/{size:[0-9]+}',NULL,NULL,1,1,0,1,'275,276,434','项目空间','GET','1',0,'admin','2018-07-27 17:35:33','admin','2022-05-14 15:42:51'),
(475,'4','空间项目列表','NACOS_NAMESPACE_PROJECTS','/devops/nacos/namespaces/{id:[0-9]+}/projects',NULL,NULL,6,0,0,0,'275,276,277','集群空间','GET','1',0,'admin','2020-10-01 01:27:56','admin','2022-08-01 11:04:44'),
(476,'3','修改空间项目','NACOS_NAMESPACE_PROJECTS_CHANGE','/devops/nacos/namespaces/{id:[0-9]+}/projects',NULL,NULL,7,0,0,0,'275,276,277','集群空间','POST','1',0,'admin','2020-10-01 01:27:56','admin','2022-05-14 15:44:47'),
(477,'4','空间选项列表','NACOS_NAMESPACE_LIST','/devops/nacos/namespace/list',NULL,NULL,8,0,0,0,'275,276,277','集群空间','GET','1',0,'admin','2020-10-01 01:27:56','admin','2022-05-14 15:46:53'),
(478,'3','项目空间','NACOS_PROJECTS_NAMESPACES','/devops/nacos/projects/{projectId:[0-9]+}/{clusterId:[0-9]+}/namespaces',NULL,NULL,2,1,0,1,'275,276,434','项目空间','GET','1',0,'admin','2018-07-27 17:35:33','admin','2022-05-27 16:17:29'),
(479,'3','修改项目空间','NACOS_PROJECTS_NAMESPACES_CHANGE','/devops/nacos/projects/{projectId:[0-9]+}/{clusterId:[0-9]+}/namespaces',NULL,NULL,3,1,0,1,'275,276,434','项目空间','POST','1',0,'admin','2018-07-27 17:35:33','admin','2022-05-27 16:17:42'),
(480,'4','项目选项列表','NACOS_PROJECT_LIST','/devops/nacos/projects/list',NULL,NULL,9,0,0,0,'275,276,434','项目空间','GET','1',0,'admin','2020-10-01 01:27:56','admin','2022-05-14 15:46:53'),
(481,'3','用户项目空间列表','NACOS_PROJECT_NAMESPACE_LIST','/devops/nacos/user/{projectId:[0-9]+}/{clusterId:[0-9]+}/namespaces',NULL,NULL,10,1,0,0,'275,433,435','应用配置列表','GET','1',0,'admin','2020-10-01 01:27:56','admin','2022-05-28 08:58:11'),
(482,'3','项目集群列表','NACOS_PROJECT_Cluster_list','/devops/nacos/projects/{projectId:[0-9]+}/clusters',NULL,NULL,11,0,0,0,'275,433,435','应用配置列表','GET','1',0,'admin','2020-10-01 01:27:56','admin','2022-05-29 01:50:50'),
(483,'3','项目配置详情','NACOS_PROJECT_CONFIG_DETAIL','/devops/nacos/user/{projectId:[0-9]+}/configs',NULL,NULL,1,0,0,0,'275,433,439','应用配置详情','GET','1',0,'admin','2020-10-01 01:27:56','admin','2022-05-22 02:39:53'),
(484,'3','可申请Nacos空间列表','PROJECT_NAMESPACE_APPLY_LIST','/devops/nacos/user/apply/{projectId:[0-9]+}/{clusterId:[0-9]+}/namespaces',NULL,NULL,9,1,0,1,'275,433,435','应用配置列表','GET','1',0,'admin','2018-07-27 17:35:33','admin','2022-05-21 12:45:48'),
(485,'3','服务实例','NACOS_PROJECT_INSTANCES','/devops/nacos/user/{projectId:[0-9]+}/instances',NULL,NULL,7,0,0,0,'275,433,435','应用配置列表','GET','1',0,'admin','2020-10-01 01:27:56','admin','2022-05-22 12:08:40'),
(486,'3','配置历史','NACOS_PROJECT_CONFIG_HISTORY','/devops/nacos/user/{projectId:[0-9]+}/history',NULL,NULL,15,0,0,0,'275,433,435','应用配置列表','GET','1',0,'admin','2020-10-01 01:27:56','admin','2022-05-29 04:05:42'),
(487,'3','配置回滚','NACOS_PROJECT_CONFIGS_ROLLBACK','/devops/nacos/user/{projectId:[0-9]+}/configs/rollback',NULL,NULL,17,0,0,0,'275,433,435','应用配置列表','PUT','1',0,'admin','2020-10-01 01:27:56','admin','2022-05-22 12:08:40'),
(488,'3','配置历史详情','NACOS_PROJECT_CONFIG_HISTORY_DETAIL','/devops/nacos/user/{projectId:[0-9]+}/history/detail',NULL,NULL,16,0,0,0,'275,433,435','应用配置列表','GET','1',0,'admin','2020-10-01 01:27:56','admin','2022-05-29 04:05:42'),
(489,'5','修改当前用户租户','UPMS_USER_CHANGE_TENANT','/upms/user/changeTenant',NULL,NULL,108,1,0,0,'1,2','用户管理','POST','1',0,'admin','2019-11-26 06:55:13','admin','2022-05-30 15:27:39'),
(490,'3','详情','KAFKA_CLUSTER_DETAIL','/devops/kafka/cluster/{id:[0-9]+}',NULL,NULL,4,1,0,0,'103,104','集群管理','GET','1',0,'admin','2018-09-26 03:07:33','admin','2022-05-29 13:24:03'),
(491,'2','集群配置','KafkaClusterMGR','cluster',NULL,NULL,2,1,0,0,'103','Kafka管理','','1',0,'admin','2018-09-26 03:06:16','admin','2022-06-05 03:01:06'),
(492,'3','查询Brokers','KAFKA_CLUSTER_BROKERS','/devops/kafka/cluster/{id:[0-9]+}/brokers',NULL,NULL,1,1,0,0,'103,491','集群配置','GET','1',0,'admin','2018-09-26 03:07:33','admin','2022-06-05 03:02:43'),
(493,'3','消费组列表','KAFKA_CONSUMER_GROUPS','/devops/kafka/consumerGroups/{clusterId:[0-9]+}',NULL,NULL,2,1,0,0,'103,491','集群配置','GET','1',0,'admin','2018-09-26 03:07:33','admin','2022-06-05 03:02:43'),
(494,'3','消费组订阅列表','KAFKA_CONSUMER_GROUPS_DESCRIBE','/devops/kafka/consumerGroups/{clusterId:[0-9]+}/{groupId}/describe',NULL,NULL,3,1,0,0,'103,491','集群配置','GET','1',0,'admin','2018-09-26 03:07:33','admin','2022-06-05 07:08:01'),
(495,'3','消费组删除','KAFKA_CONSUMER_GROUPS_DEL','/devops/kafka/consumerGroups/{clusterId:[0-9]+}/${groupId}',NULL,NULL,4,1,0,0,'103,491','集群配置','DELETE','1',0,'admin','2018-09-26 03:07:33','admin','2022-06-05 03:02:43'),
(496,'3','详情','KAFKA_TOPIC_DETAIL','/devops/kafka/topic/{id:[0-9]+}',NULL,NULL,5,1,0,0,'103,108','主题管理','GET','1',0,'admin','2019-11-26 02:02:41','admin','2022-06-04 02:06:57'),
(497,'3','主题BROKERS','KAFKA_TOPIC_BROKERS','/devops/kafka/topic/{id:[0-9]+}/brokers',NULL,NULL,6,1,0,0,'103,108','主题管理','GET','1',0,'admin','2019-11-26 02:02:41','admin','2022-06-06 13:51:56'),
(498,'3','主题partitions','KAFKA_TOPIC_PARTITIONS','/devops/kafka/topic/{id:[0-9]+}/partitions',NULL,NULL,7,1,0,0,'103,108','主题管理','GET','1',0,'admin','2019-11-26 02:02:41','admin','2022-06-04 02:06:57'),
(499,'3','主题consumerGroups','KAFKA_TOPIC_CONSUMER_GROUPS','/devops/kafka/topic/{id:[0-9]+}/consumerGroups',NULL,NULL,8,1,0,0,'103,108','主题管理','GET','1',0,'admin','2019-11-26 02:02:41','admin','2022-06-04 02:06:57'),
(500,'4','可用集群列表','KAFKA_CLUSTER_AVAILABLE','/devops/kafka/cluster/available',NULL,NULL,5,0,0,0,'103,104','集群管理','GET','1',0,'admin','2018-09-26 03:07:33','admin','2025-07-17 06:06:07'),
(501,'4','集群主题','KAFKA_CLUSTER_TOPICS','/devops/kafka/cluster/{id:[0-9]+}/topics',NULL,NULL,6,0,0,0,'103,104','集群管理','GET','1',0,'admin','2018-09-26 03:07:33','admin','2025-07-17 06:06:19'),
(502,'4','集群主题信息','KAFKA_CLUSTER_TOPIC_INFO','/devops/kafka/cluster/{id:[0-9]+}/topic/{topicId:[0-9]+}',NULL,NULL,7,0,0,0,'103,104','集群管理','GET','1',0,'admin','2018-09-26 03:07:33','admin','2025-07-17 06:06:29'),
(503,'3','主题配置查询','KAFKA_TOPIC_CONFIGS','/devops/kafka/topic/{id}/configs',NULL,NULL,9,1,0,0,'103,108','主题管理','GET','1',0,'admin','2019-11-26 02:02:41','admin','2022-06-04 02:06:57'),
(504,'3','配置比较','NACOS_PROJECT_CONFIG_COMPARE','/devops/nacos/user/{projectId:[0-9]+}/configs/listCompare',NULL,NULL,18,0,0,0,'275,433,435','应用配置列表','GET','1',0,'admin','2020-10-01 01:27:56','admin','2022-05-22 12:08:40'),
(505,'3','消费组重置消费节点','ROCKET_MQ_CONSUMER_RESET_OFFSET','/devops/rocketmq/consumer/resetOffset',NULL,NULL,11,0,0,0,'325,328','主题管理','POST','1',0,'admin','2021-01-11 06:02:29',NULL,NULL),
(506,'5','代理接口','PROXY_WHITELIST','/*-center/**',NULL,NULL,1,0,0,0,'119,350,351','代码生成',NULL,'1',0,'admin','2024-01-23 19:04:00','admin','2024-01-24 03:04:28'),
(507,'3','查询集群配置地址','ROCKETMQ_CLUSTER_ADDR_GET','/devops/rocketmq/ops/homePage.query',NULL,NULL,4,1,0,0,'325,326','驾驶舱','GET','1',0,'admin','2018-09-06 02:27:18','admin','2025-05-14 01:39:04'),
(508,'5','登录服务','LOGIN_WHITELIST','/auth/login/**',NULL,NULL,2,0,0,0,'1,511','登录管理','','1',0,'admin','2024-01-23 19:04:00','admin','2025-06-23 11:50:26'),
(509,'5','登录用户信息','LOGIN_USER_WHITELIST','/auth/user/**',NULL,NULL,3,1,1,0,'1,511','登录管理','','1',0,'admin','2024-01-23 19:04:00','admin','2025-07-03 22:33:25'),
(510,'5','登录验证码','LOGIN_CAPTCHA_WHITELIST','/auth/captcha/**',NULL,NULL,1,0,0,0,'1,511','登录管理','','1',0,'admin','2024-01-23 19:04:00','admin','2025-06-23 11:51:32'),
(511,'2','登录管理','LOGIN_MGR',NULL,NULL,NULL,100,1,0,0,'1','系统管理','','1',0,'admin','2025-06-22 19:49:52','admin','2025-06-23 11:50:02'),
(512,'1','外链平台','SERVICE_PLATFORM',NULL,NULL,'component',12,0,0,0,'0',NULL,'','1',0,'admin','2025-06-26 23:59:14','admin','2025-06-27 16:41:01'),
(513,'2','接口服务平台','API_SERVICE_PLATFORM',NULL,'http://localhost:9528/#/login',NULL,1,0,0,0,'512','服务平台','','1',0,'admin','2025-06-27 00:01:23',NULL,NULL),
(514,'4','查询接口树','API_TREE','/auth/api/share/tree',NULL,NULL,11,1,0,0,'512,513','接口服务平台','GET','1',0,'admin','2025-06-30 17:19:53','admin','2025-07-12 20:12:17'),
(515,'4','查询接口详细','API_DETAIL','/auth/api/share/detail',NULL,NULL,12,1,0,0,'512,513','接口服务平台','GET','1',0,'admin','2025-06-30 17:19:53','admin','2025-07-12 20:12:22'),
(516,'5','开放平台相关接口（权限由接口平台自己维护）','API_LOGIN','/auth/api/**',NULL,NULL,1,1,1,0,'512,513','接口服务平台','','1',0,'admin','2025-06-30 17:19:53','admin','2025-07-09 12:33:54'),
(517,'4','查询可用项目列表','available_project_list','/upms/projects/list',NULL,NULL,12,0,0,0,'422,390','项目管理','GET','1',0,'admin','2025-07-11 02:50:48','admin','2025-07-11 18:54:56'),
(518,'2','接口管理','api_mgr',NULL,NULL,NULL,12,1,0,0,'1','系统管理','','1',0,'admin','2025-07-11 03:01:09',NULL,NULL),
(519,'4','查询接口模块列表','api_modules','/upms/interface/modules',NULL,NULL,1,0,0,0,'1,518','接口管理','GET','1',0,'admin','2025-07-11 18:32:57',NULL,NULL),
(520,'4','查询接口模块列表','api_paths','/upms/interface/paths',NULL,NULL,2,0,0,0,'1,518','接口管理','GET','1',0,'admin','2025-07-11 18:32:57',NULL,NULL),
(521,'3','listNameSrv','ROCKETMQ_NAMESRV_LIST','/devops/rocketmq/name-srv/list',NULL,NULL,15,0,0,0,'325,327','集群管理','GET','1',0,'admin','2025-07-11 19:29:25','admin','2025-07-12 11:38:39'),
(522,'3','消费组详情','ROCKETMQ_CONSUMER_GROUP','/devops/rocketmq/consumer/group',NULL,NULL,1,0,0,0,'325,329','消费者管理','GET','1',0,'admin','2025-07-12 15:54:16','admin','2025-07-13 08:01:56'),
(523,'3','消费组列表','ROCKETMQ_CONSUMER_GROUPS','/devops/rocketmq/consumer/groups',NULL,NULL,2,0,0,0,'325,329','消费者管理','GET','1',0,'admin','2025-07-12 15:54:16','admin','2025-07-13 08:02:02'),
(524,'3','根据主题查询消费组','ROCKET_MQ_CONSUMER_DETAIL','/devops/rocketmq/consumer/queryTopic',NULL,NULL,3,0,0,0,'325,329','消费者管理','GET','1',0,'admin','2025-07-12 19:52:16','admin','2025-07-13 15:05:51'),
(525,'3','删除子消费组','ROCKET_MQ_CONSUMER_DELETE','/devops/rocketmq/consumer/deleteSubGroup',NULL,NULL,5,0,0,0,'325,329','消费者管理','POST','1',0,'admin','2025-07-12 20:25:58','admin','2025-07-13 15:09:54'),
(526,'3','创建或更新消费组','ROCKET_MQ_CONSUMER_CREATE_UPDATE','/devops/rocketmq/consumer',NULL,NULL,6,0,0,0,'325,329','消费者管理','POST','1',0,'admin','2025-07-12 21:46:06','admin','2025-07-13 15:12:16'),
(527,'3','重置消费组位点','ROCKET_MQ_CONSUMER_RESET_OFFSET2','/devops/rocketmq/consumer/resetOffset',NULL,NULL,7,0,0,0,'325,329','消费者管理','POST','1',0,'admin','2025-07-12 21:46:06','admin','2025-07-13 15:11:51'),
(528,'3','消费组实时详情','ROCKETMQ_CONSUMER_RUNNINGINFO','/devops/rocketmq/consumer/runningInfo',NULL,NULL,10,0,0,0,'325,329','消费者管理','GET','1',0,'admin','2025-07-12 22:34:17','admin','2025-07-13 15:13:01'),
(529,'3','消费组配置','ROCKET_MQ_CONSUMER_CONFIG','/devops/rocketmq/consumer/examineSubscriptionGroupConfig',NULL,NULL,2,0,0,0,'325,329','消费者管理','GET','1',0,'admin','2025-07-12 22:34:17','admin','2025-07-13 15:08:22'),
(530,'3','fetchBrokerNameList','ROCKETMQ_CONSUMER_FETCHBROKERNAMELIST','/devops/rocketmq/consumer/fetchBrokerNameList',NULL,NULL,3,0,0,0,'325,329','消费者管理','GET','1',0,'admin','2025-07-12 22:34:18','admin','2025-07-13 14:49:43'),
(531,'3','消费组终端','ROCKETMQ_CONSUMER_CONNECTION','/devops/rocketmq/consumer/connection',NULL,NULL,9,0,0,0,'325,329','消费者管理','GET','1',0,'admin','2025-07-12 22:46:04','admin','2025-07-13 15:12:31'),
(532,'3','producerConnection','ROCKETMQ_PRODUCER_CONNECTION','/devops/rocketmq/producer/connection',NULL,NULL,1,0,0,0,'325,330','生产者管理','GET','1',0,'admin','2025-07-12 23:23:18',NULL,NULL);
/*!40000 ALTER TABLE `st_permission` ENABLE KEYS */;
UNLOCK TABLES;

--
-- Table structure for table `st_position`
--

DROP TABLE IF EXISTS `st_position`;
/*!40101 SET @saved_cs_client     = @@character_set_client */;
/*!50503 SET character_set_client = utf8mb4 */;
CREATE TABLE `st_position` (
  `id` bigint NOT NULL AUTO_INCREMENT COMMENT 'ID',
  `code` varchar(64) CHARACTER SET utf8mb3 COLLATE utf8mb3_unicode_ci NOT NULL COMMENT '职位编码',
  `name` varchar(50) CHARACTER SET utf8mb3 COLLATE utf8mb3_unicode_ci NOT NULL COMMENT '职位名称',
  `sort` int NOT NULL COMMENT '显示顺序',
  `remark` varchar(500) CHARACTER SET utf8mb3 COLLATE utf8mb3_unicode_ci DEFAULT NULL COMMENT '备注',
  `status` char(1) CHARACTER SET utf8mb3 COLLATE utf8mb3_unicode_ci NOT NULL COMMENT '状态（0正常 1停用）',
  `create_by` varchar(64) CHARACTER SET utf8mb3 COLLATE utf8mb3_unicode_ci DEFAULT '' COMMENT '创建者',
  `create_at` timestamp NOT NULL DEFAULT CURRENT_TIMESTAMP COMMENT '创建时间',
  `update_by` varchar(64) CHARACTER SET utf8mb3 COLLATE utf8mb3_unicode_ci DEFAULT '' COMMENT '更新者',
  `update_at` timestamp NULL DEFAULT CURRENT_TIMESTAMP ON UPDATE CURRENT_TIMESTAMP COMMENT '更新时间',
  PRIMARY KEY (`id`) USING BTREE,
  KEY `idx_code` (`code`) USING BTREE
) ENGINE=InnoDB AUTO_INCREMENT=10 DEFAULT CHARSET=utf8mb3 COLLATE=utf8mb3_unicode_ci ROW_FORMAT=DYNAMIC COMMENT='职位信息表';
/*!40101 SET character_set_client = @saved_cs_client */;

--
-- Dumping data for table `st_position`
--

LOCK TABLES `st_position` WRITE;
/*!40000 ALTER TABLE `st_position` DISABLE KEYS */;
INSERT INTO `st_position` VALUES (1,'CEO','CEO',1,NULL,'1','admin','2020-07-04 01:58:00','admin','2020-07-04 01:58:00'),
(2,'TEST_T1','初级测试',101,NULL,'1','admin','2020-07-04 05:27:25','','2020-07-04 05:27:25'),
(3,'DEV_JAVA_T1','初级Java开发',201,NULL,'1','admin','2020-07-04 05:28:11','admin','2020-07-04 05:28:11'),
(4,'MANAGER_T1','部门经理',2,NULL,'1','admin','2020-07-04 19:22:03','','2020-07-04 19:22:03'),
(5,'MANAGER_T3','总经理',1,NULL,'1','admin','2020-07-04 19:22:28','','2020-07-04 19:22:28'),
(6,'DEV_JAVA_T3','高级Java',203,NULL,'1','admin','2022-05-27 03:06:59','admin','2022-05-27 03:06:59'),
(7,'ADMIN','管理员',1,NULL,'1','admin','2022-05-29 18:49:21','','2022-05-29 18:49:21'),
(8,'DEV','开发',11,NULL,'1','admin','2022-11-07 23:40:09','','2022-11-07 23:40:09'),
(9,'TEST','测试（通用）',1,NULL,'1','admin','2023-11-06 00:44:32','','2023-11-06 00:44:32');
/*!40000 ALTER TABLE `st_position` ENABLE KEYS */;
UNLOCK TABLES;

--
-- Table structure for table `st_role`
--

DROP TABLE IF EXISTS `st_role`;
/*!40101 SET @saved_cs_client     = @@character_set_client */;
/*!50503 SET character_set_client = utf8mb4 */;
CREATE TABLE `st_role` (
  `ID` bigint NOT NULL AUTO_INCREMENT COMMENT '主键ID',
  `NAME` varchar(32) CHARACTER SET utf8mb3 COLLATE utf8mb3_general_ci NOT NULL COMMENT '名称',
  `CODE` varchar(64) CHARACTER SET utf8mb3 COLLATE utf8mb3_general_ci NOT NULL COMMENT '代码',
  `TYPE` char(1) CHARACTER SET utf8mb3 COLLATE utf8mb3_general_ci NOT NULL DEFAULT '2' COMMENT '类型: 1.系统 2.自定义)',
  `DESCRIPTION` varchar(255) CHARACTER SET utf8mb3 COLLATE utf8mb3_general_ci DEFAULT NULL COMMENT '描述',
  `STATUS` char(1) CHARACTER SET utf8mb3 COLLATE utf8mb3_general_ci NOT NULL DEFAULT '1' COMMENT '状态: 0.禁用 1.启动',
  `deleted` tinyint(1) DEFAULT '0' COMMENT '删除标志（0代表存在 1代表删除）',
  `CREATE_BY` varchar(64) CHARACTER SET utf8mb3 COLLATE utf8mb3_general_ci DEFAULT NULL COMMENT '创建人',
  `CREATE_AT` timestamp NOT NULL DEFAULT CURRENT_TIMESTAMP COMMENT '创建时间',
  `UPDATE_BY` varchar(64) CHARACTER SET utf8mb3 COLLATE utf8mb3_general_ci DEFAULT NULL COMMENT '更新人',
  `UPDATE_AT` datetime DEFAULT NULL COMMENT '更新时间',
  PRIMARY KEY (`ID`) USING BTREE,
  UNIQUE KEY `UK_ST_R_CODE` (`CODE`) USING BTREE
) ENGINE=InnoDB AUTO_INCREMENT=16 DEFAULT CHARSET=utf8mb3 ROW_FORMAT=DYNAMIC COMMENT='后台角色表';
/*!40101 SET character_set_client = @saved_cs_client */;

--
-- Dumping data for table `st_role`
--

LOCK TABLES `st_role` WRITE;
/*!40000 ALTER TABLE `st_role` DISABLE KEYS */;
INSERT INTO `st_role` VALUES (1,'超级管理员','SUPER_ADMIN','0','','1',0,'admin','2018-08-11 15:51:35',NULL,NULL),
(2,'系统管理员','ADMIN_ROLE','1','系统管理','1',0,'admin','2018-08-04 07:56:42','admin','2022-06-01 10:50:35'),
(3,'系统用户','SYS_ROLE','1','abc','1',0,'admin','2018-08-04 07:56:42','admin','2020-03-26 14:22:13'),
(4,'测试01','CH_TEST','2','test','1',0,'admin','2018-08-18 02:21:37','admin','2019-10-28 21:26:13'),
(5,'Kafka管理员','Kafka_Admin','2','','1',0,'admin','2020-04-21 02:24:51','admin','2020-06-07 08:45:05'),
(6,'Kafka访客','KAFKA_VIEWER','2','','1',0,'admin','2020-04-21 02:26:20','admin','2022-06-16 02:48:01'),
(7,'极客管理员','WIKI_ADMIN','2','','1',1,'admin','2020-05-26 22:00:29','admin','2020-06-07 08:45:11'),
(8,'canal管理员','CANAL_ADMIN','2','','1',0,'admin','2020-06-06 17:57:52',NULL,NULL),
(9,'测试角色','TEST1','2',NULL,'1',0,NULL,'2020-09-06 02:14:53','admin','2022-06-01 11:08:55'),
(10,'测试2','TEST2','1',NULL,'1',0,NULL,'2020-09-06 02:32:50',NULL,'2020-09-06 10:32:50'),
(11,'测试3','TEST3','1',NULL,'0',0,NULL,'2020-09-06 02:33:06','admin','2021-11-03 10:27:27'),
(12,'Nacos Admin','NACOS_ADMIN','2','','1',0,'admin','2020-10-01 16:43:32',NULL,NULL),
(13,'注册中心用户','NACOS_USER','2','','1',0,'admin','2021-11-23 00:09:51',NULL,NULL),
(14,'OPS管理-开发','OPS_DEV','2','','1',0,'admin','2022-05-30 01:22:57',NULL,NULL),
(15,'运维管理员','OPS_ADMIN','2','','1',0,'admin','2022-07-05 17:41:24',NULL,NULL);
/*!40000 ALTER TABLE `st_role` ENABLE KEYS */;
UNLOCK TABLES;

--
-- Table structure for table `st_role_menu`
--

DROP TABLE IF EXISTS `st_role_menu`;
/*!40101 SET @saved_cs_client     = @@character_set_client */;
/*!50503 SET character_set_client = utf8mb4 */;
CREATE TABLE `st_role_menu` (
  `ROLE_ID` bigint NOT NULL COMMENT '角色ID',
  `PERMISSION_ID` bigint NOT NULL COMMENT '菜单ID',
  PRIMARY KEY (`ROLE_ID`,`PERMISSION_ID`) USING BTREE,
  KEY `IDX_ST_RM_MENU_ID` (`PERMISSION_ID`) USING BTREE
) ENGINE=InnoDB DEFAULT CHARSET=utf8mb3 COLLATE=utf8mb3_unicode_ci ROW_FORMAT=DYNAMIC COMMENT='后台角色菜单表';
/*!40101 SET character_set_client = @saved_cs_client */;

--
-- Dumping data for table `st_role_menu`
--

LOCK TABLES `st_role_menu` WRITE;
/*!40000 ALTER TABLE `st_role_menu` DISABLE KEYS */;
INSERT INTO `st_role_menu` VALUES (2,1),
(3,1),
(5,1),
(2,2),
(3,2),
(2,3),
(3,3),
(2,4),
(3,4),
(2,5),
(3,5),
(2,6),
(3,6),
(5,7),
(2,8),
(3,8),
(2,9),
(3,9),
(2,10),
(3,10),
(2,11),
(3,11),
(2,12),
(3,12),
(2,13),
(3,13),
(2,14),
(3,14),
(2,15),
(3,15),
(2,16),
(3,16),
(2,17),
(3,17),
(2,18),
(3,18),
(2,19),
(3,19),
(2,20),
(3,20),
(2,21),
(3,21),
(2,22),
(3,22),
(3,23),
(3,24),
(2,25),
(3,25),
(2,26),
(3,26),
(2,27),
(3,27),
(2,28),
(3,28),
(2,29),
(3,29);
/*!40000 ALTER TABLE `st_role_menu` ENABLE KEYS */;
UNLOCK TABLES;

--
-- Table structure for table `st_role_permission`
--

DROP TABLE IF EXISTS `st_role_permission`;
/*!40101 SET @saved_cs_client     = @@character_set_client */;
/*!50503 SET character_set_client = utf8mb4 */;
CREATE TABLE `st_role_permission` (
  `ROLE_ID` bigint NOT NULL COMMENT '角色ID',
  `PERMISSION_ID` bigint NOT NULL COMMENT '用户ID',
  PRIMARY KEY (`ROLE_ID`,`PERMISSION_ID`) USING BTREE,
  KEY `IDX_ST_RP_PERMISSION_ID` (`PERMISSION_ID`) USING BTREE
) ENGINE=InnoDB DEFAULT CHARSET=utf8mb3 ROW_FORMAT=DYNAMIC COMMENT='后台角色权限表';
/*!40101 SET character_set_client = @saved_cs_client */;

--
-- Dumping data for table `st_role_permission`
--

LOCK TABLES `st_role_permission` WRITE;
/*!40000 ALTER TABLE `st_role_permission` DISABLE KEYS */;
INSERT INTO `st_role_permission` VALUES (2,1),
(4,1),
(14,1),
(15,1),
(2,2),
(4,2),
(2,3),
(2,4),
(2,5),
(2,6),
(2,7),
(2,8),
(2,9),
(2,10),
(2,11),
(2,12),
(2,13),
(2,14),
(2,15),
(2,16),
(2,17),
(2,18),
(2,19),
(2,20),
(2,21),
(7,22),
(2,24),
(8,25),
(8,27),
(2,28),
(8,29),
(8,30),
(15,33),
(4,35),
(7,36),
(7,37),
(15,46),
(15,47),
(15,48),
(15,49),
(2,59),
(7,66),
(5,76),
(6,76),
(5,77),
(6,77),
(9,77),
(10,77),
(14,77),
(15,77),
(5,78),
(6,78),
(5,81),
(6,81),
(8,94),
(8,95),
(5,103),
(6,103),
(9,103),
(10,103),
(14,103),
(15,103),
(5,104),
(9,104),
(14,104),
(15,104),
(5,105),
(9,105),
(14,105),
(15,105),
(5,106),
(14,106),
(15,106),
(5,107),
(9,107),
(15,107),
(5,108),
(6,108),
(9,108),
(14,108),
(15,108),
(5,109),
(6,109),
(9,109),
(10,109),
(14,109),
(15,109),
(5,110),
(6,110),
(9,110),
(14,110),
(15,110),
(5,111),
(9,111),
(14,111),
(15,111),
(5,112),
(9,112),
(14,112),
(15,112),
(7,113),
(7,117),
(15,119),
(2,127),
(2,129),
(11,129),
(5,137),
(6,137),
(5,138),
(6,138),
(5,139),
(6,139),
(5,142),
(6,142),
(9,142),
(10,142),
(14,142),
(15,142),
(5,146),
(9,146),
(14,146),
(15,146),
(5,147),
(6,147),
(9,147),
(14,147),
(15,147),
(5,148),
(9,148),
(14,148),
(15,148),
(5,149),
(6,149),
(9,149),
(14,149),
(15,149),
(7,153),
(7,154),
(7,155),
(7,156),
(7,157),
(7,160),
(7,163),
(7,164),
(7,167),
(7,168),
(7,169),
(7,170),
(7,171),
(7,172),
(7,173),
(7,174),
(7,175),
(7,176),
(7,177),
(7,178),
(7,179),
(7,180),
(7,181),
(7,182),
(7,183),
(7,184),
(7,185),
(7,186),
(7,187),
(2,188),
(7,189),
(7,190),
(7,191),
(7,192),
(2,193),
(2,194),
(7,195),
(7,198),
(7,199),
(7,201),
(7,202),
(7,203),
(7,204),
(7,205),
(7,206),
(7,207),
(7,208),
(7,209),
(7,210),
(7,211),
(7,212),
(8,213),
(8,214),
(8,215),
(8,216),
(8,217),
(8,218),
(8,219),
(8,220),
(8,221),
(8,222),
(8,223),
(8,224),
(8,225),
(8,226),
(8,227),
(8,228),
(8,230),
(8,231),
(8,232),
(8,234),
(8,235),
(8,238),
(8,239),
(15,250),
(7,252),
(7,253),
(7,254),
(2,255),
(14,255),
(15,255),
(2,256),
(11,256),
(2,257),
(11,257),
(2,258),
(11,258),
(2,259),
(11,259),
(2,260),
(11,260),
(2,262),
(11,262),
(2,263),
(14,263),
(15,263),
(2,264),
(14,264),
(15,264),
(2,265),
(14,265),
(15,265),
(2,266),
(15,266),
(2,267),
(2,268),
(11,268),
(2,269),
(11,269),
(2,270),
(11,270),
(2,271),
(11,271),
(2,274),
(14,274),
(15,274),
(9,275),
(10,275),
(12,275),
(13,275),
(14,275),
(15,275),
(12,276),
(15,276),
(12,277),
(15,277),
(9,278),
(12,278),
(14,278),
(15,278),
(9,279),
(12,279),
(14,279),
(15,279),
(9,280),
(12,280),
(14,280),
(15,280),
(12,281),
(15,281),
(9,282),
(12,282),
(14,282),
(15,282),
(12,283),
(15,283),
(12,284),
(15,284),
(12,285),
(15,285),
(12,286),
(15,286),
(12,287),
(15,287),
(12,288),
(15,288),
(12,289),
(15,289),
(12,290),
(15,290),
(9,291),
(12,291),
(14,291),
(15,291),
(9,292),
(12,292),
(14,292),
(15,292),
(9,293),
(12,293),
(14,293),
(15,293),
(12,294),
(15,294),
(12,295),
(15,295),
(9,296),
(12,296),
(14,296),
(15,296),
(9,297),
(12,297),
(14,297),
(15,297),
(9,298),
(12,298),
(14,298),
(15,298),
(9,299),
(12,299),
(14,299),
(15,299),
(9,300),
(12,300),
(14,300),
(15,300),
(9,301),
(12,301),
(14,301),
(15,301),
(9,302),
(12,302),
(14,302),
(15,302),
(9,303),
(12,303),
(14,303),
(15,303),
(12,304),
(15,304),
(12,305),
(15,305),
(12,306),
(15,306),
(12,307),
(15,307),
(12,308),
(15,308),
(9,309),
(12,309),
(14,309),
(15,309),
(12,310),
(15,310),
(9,311),
(12,311),
(14,311),
(15,311),
(12,312),
(15,312),
(12,313),
(15,313),
(12,314),
(15,314),
(9,315),
(12,315),
(14,315),
(15,315),
(12,316),
(15,316),
(12,317),
(15,317),
(12,318),
(15,318),
(12,319),
(15,319),
(9,325),
(10,325),
(14,325),
(15,325),
(14,326),
(15,326),
(9,327),
(14,327),
(15,327),
(9,328),
(14,328),
(15,328),
(14,329),
(14,330),
(9,331),
(10,331),
(14,331),
(15,331),
(9,332),
(14,332),
(15,332),
(14,333),
(15,333),
(14,334),
(15,334),
(14,335),
(15,335),
(9,336),
(14,336),
(15,336),
(15,337),
(15,338),
(15,339),
(15,340),
(15,341),
(2,342),
(11,342),
(2,343),
(11,343),
(15,350),
(15,351),
(15,352),
(15,353),
(15,354),
(15,357),
(15,358),
(2,374),
(11,374),
(2,375),
(11,375),
(2,376),
(11,376),
(2,377),
(11,377),
(15,378),
(15,379),
(15,380),
(15,381),
(9,388),
(14,388),
(15,388),
(12,389),
(15,389),
(2,390),
(11,390),
(15,390),
(2,391),
(11,391),
(15,391),
(2,392),
(11,392),
(15,392),
(2,393),
(11,393),
(15,393),
(3,394),
(15,394),
(2,395),
(11,395),
(2,396),
(11,396),
(15,396),
(2,397),
(11,397),
(13,397),
(15,397),
(2,398),
(11,398),
(2,399),
(11,399),
(13,399),
(2,400),
(11,400),
(2,401),
(11,401),
(2,402),
(11,402),
(2,403),
(11,403),
(2,404),
(11,404),
(2,405),
(11,405),
(2,406),
(11,406),
(9,409),
(10,409),
(14,409),
(15,409),
(9,410),
(10,410),
(14,410),
(15,410),
(9,411),
(10,411),
(14,411),
(15,411),
(9,412),
(10,412),
(14,412),
(15,412),
(9,413),
(14,413),
(15,413),
(9,414),
(14,414),
(15,414),
(9,415),
(14,415),
(15,415),
(9,416),
(14,416),
(15,416),
(9,417),
(14,417),
(15,417),
(9,418),
(14,418),
(15,418),
(9,419),
(14,419),
(15,419),
(9,420),
(14,420),
(15,420),
(9,421),
(14,421),
(15,421),
(2,422),
(11,422),
(15,422),
(2,423),
(11,423),
(15,423),
(15,424),
(2,428),
(9,428),
(10,428),
(11,428),
(13,428),
(14,428),
(2,429),
(2,430),
(15,430),
(12,431),
(15,431),
(12,432),
(15,432),
(9,433),
(10,433),
(12,433),
(13,433),
(14,433),
(12,434),
(15,434),
(9,435),
(10,435),
(12,435),
(13,435),
(14,435),
(2,436),
(13,436),
(9,437),
(10,437),
(12,437),
(13,437),
(14,437),
(9,438),
(10,438),
(12,438),
(13,438),
(14,438),
(9,439),
(10,439),
(12,439),
(13,439),
(14,439),
(9,441),
(10,441),
(12,441),
(13,441),
(14,441),
(9,442),
(10,442),
(12,442),
(13,442),
(14,442),
(9,443),
(12,443),
(13,443),
(14,443),
(9,444),
(10,444),
(12,444),
(13,444),
(14,444),
(9,445),
(12,445),
(13,445),
(14,445),
(9,446),
(12,446),
(13,446),
(14,446),
(9,447),
(12,447),
(13,447),
(14,447),
(2,448),
(2,449),
(15,452),
(15,464),
(15,465),
(15,466),
(15,467),
(15,468),
(9,470),
(14,470),
(15,470),
(9,471),
(14,471),
(15,471),
(15,474),
(9,475),
(10,475),
(14,475),
(15,475),
(15,476),
(9,477),
(14,477),
(15,477),
(15,478),
(15,479),
(9,480),
(10,480),
(14,480),
(15,480),
(9,481),
(10,481),
(14,481),
(9,482),
(10,482),
(14,482),
(9,483),
(10,483),
(14,483),
(9,484),
(10,484),
(14,484),
(9,485),
(10,485),
(14,485),
(9,486),
(10,486),
(14,486),
(9,487),
(14,487),
(9,488),
(10,488),
(14,488),
(9,490),
(14,490),
(15,490),
(9,491),
(14,491),
(15,491),
(9,492),
(14,492),
(15,492),
(9,493),
(14,493),
(15,493),
(9,494),
(14,494),
(15,494),
(9,495),
(14,495),
(15,495),
(9,496),
(14,496),
(15,496),
(9,497),
(14,497),
(15,497),
(9,498),
(14,498),
(15,498),
(9,499),
(14,499),
(15,499),
(9,500),
(10,500),
(14,500),
(15,500),
(9,501),
(10,501),
(14,501),
(15,501),
(9,502),
(10,502),
(14,502),
(15,502),
(9,503),
(14,503),
(15,503),
(14,504),
(14,505),
(15,505),
(14,507),
(14,521),
(14,522),
(14,523),
(14,524),
(14,525),
(14,526),
(14,527),
(14,528),
(14,529),
(14,530),
(14,531),
(14,532);
/*!40000 ALTER TABLE `st_role_permission` ENABLE KEYS */;
UNLOCK TABLES;

--
-- Table structure for table `st_user`
--

DROP TABLE IF EXISTS `st_user`;
/*!40101 SET @saved_cs_client     = @@character_set_client */;
/*!50503 SET character_set_client = utf8mb4 */;
CREATE TABLE `st_user` (
  `ID` bigint NOT NULL AUTO_INCREMENT COMMENT '主键ID',
  `USER_ID` varchar(64) CHARACTER SET utf32 COLLATE utf32_general_ci NOT NULL DEFAULT '' COMMENT '用户编号',
  `USERNAME` varchar(50) CHARACTER SET utf8mb3 COLLATE utf8mb3_general_ci NOT NULL COMMENT '用户帐号',
  `PASSWORD` varchar(100) CHARACTER SET utf8mb3 COLLATE utf8mb3_general_ci NOT NULL COMMENT '密码',
  `REAL_NAME` varchar(100) CHARACTER SET utf8mb3 COLLATE utf8mb3_general_ci DEFAULT NULL COMMENT '真实姓名',
  `BIRTH` date DEFAULT NULL COMMENT '出生日期',
  `SEX` tinyint(1) DEFAULT NULL COMMENT '性别: 0.女 1.男',
  `EMAIL` varchar(50) CHARACTER SET utf8mb3 COLLATE utf8mb3_general_ci DEFAULT NULL COMMENT '电子邮箱',
  `MOBILE` char(11) CHARACTER SET utf8mb3 COLLATE utf8mb3_general_ci DEFAULT NULL COMMENT '手机号码',
  `LOCKED` char(1) CHARACTER SET utf8mb3 COLLATE utf8mb3_general_ci NOT NULL DEFAULT '0' COMMENT '用户是否锁定: 0.否 1.是',
  `EXPIRED` date DEFAULT NULL COMMENT '过期日期',
  `TYPE` char(1) CHARACTER SET utf8mb3 COLLATE utf8mb3_general_ci NOT NULL DEFAULT '1' COMMENT '类型: 0.系统 1.普通',
  `STATUS` char(1) CHARACTER SET utf8mb3 COLLATE utf8mb3_general_ci NOT NULL DEFAULT '1' COMMENT '状态: 0.禁用 1.启动',
  `deleted` tinyint(1) DEFAULT '0' COMMENT '删除标志（0代表存在 1代表删除）',
  `LAST_LOGIN_AT` datetime DEFAULT NULL COMMENT '登录时间',
  `LAST_LOGIN_IP` varchar(30) CHARACTER SET utf8mb3 COLLATE utf8mb3_general_ci DEFAULT NULL COMMENT '用户登录IP地址',
  `ERROR_COUNT` int NOT NULL DEFAULT '0' COMMENT '当天登录错误次数',
  `REMARK` varchar(100) CHARACTER SET utf8mb3 COLLATE utf8mb3_general_ci DEFAULT NULL COMMENT '备注',
  `CREATE_AT` timestamp NOT NULL DEFAULT CURRENT_TIMESTAMP COMMENT '创建时间',
  `CREATE_BY` varchar(64) CHARACTER SET utf8mb3 COLLATE utf8mb3_general_ci DEFAULT NULL COMMENT '创建人',
  `UPDATE_AT` datetime DEFAULT NULL COMMENT '更新时间',
  `UPDATE_BY` varchar(64) CHARACTER SET utf8mb3 COLLATE utf8mb3_general_ci DEFAULT NULL COMMENT '更新人',
  `department_id` varchar(100) CHARACTER SET utf8mb3 COLLATE utf8mb3_general_ci DEFAULT NULL COMMENT '组织ID',
  `position_id` bigint DEFAULT NULL COMMENT '职位ID',
  `department_name` varchar(200) CHARACTER SET utf8mb3 COLLATE utf8mb3_general_ci DEFAULT NULL COMMENT '组织名称',
  `tenant_id` bigint DEFAULT NULL COMMENT '租户ID',
  `tenant_name` varchar(200) DEFAULT NULL COMMENT '租户名称',
  `role_id` bigint DEFAULT NULL COMMENT '租户名称',
  `position_name` varchar(200) CHARACTER SET utf8mb3 COLLATE utf8mb3_general_ci DEFAULT NULL COMMENT '职位名称',
  PRIMARY KEY (`ID`) USING BTREE,
  UNIQUE KEY `UK_ST_U_USER_ID` (`USER_ID`) USING BTREE,
  UNIQUE KEY `UK_ST_U_USERNAME` (`USERNAME`) USING BTREE,
  UNIQUE KEY `UK_ST_U_EMAIL` (`EMAIL`) USING BTREE,
  KEY `IDX_MOBILE_REAL_NAME` (`MOBILE`,`REAL_NAME`) USING BTREE
) ENGINE=InnoDB AUTO_INCREMENT=20 DEFAULT CHARSET=utf8mb3 ROW_FORMAT=DYNAMIC COMMENT='后台用户表';
/*!40101 SET character_set_client = @saved_cs_client */;

--
-- Dumping data for table `st_user`
--

LOCK TABLES `st_user` WRITE;
/*!40000 ALTER TABLE `st_user` DISABLE KEYS */;
INSERT INTO `st_user` VALUES (1,'10000','admin','$2a$10$qtu98dMdajRqbQULLjixpe7vK7c9r7Zmu84Gu7lcpD/H9X2/GUf1.','超级管理员','2017-02-24',1,'admin@ch.com',NULL,'0',NULL,'0','1',0,'2018-12-08 23:50:17','0:0:0:0:0:0:0:1',0,NULL,'2017-03-09 01:26:44',NULL,'2025-05-30 02:50:52','admin','1',7,'xxx公司',10,'',1,'CEO');
/*!40000 ALTER TABLE `st_user` ENABLE KEYS */;
UNLOCK TABLES;

--
-- Table structure for table `st_user_department_position`
--

DROP TABLE IF EXISTS `st_user_department_position`;
/*!40101 SET @saved_cs_client     = @@character_set_client */;
/*!50503 SET character_set_client = utf8mb4 */;
CREATE TABLE `st_user_department_position` (
  `user_id` bigint NOT NULL COMMENT '用户ID',
  `department_id` varchar(100) CHARACTER SET utf8mb3 COLLATE utf8mb3_general_ci NOT NULL COMMENT '组织ID',
  `position_id` bigint NOT NULL COMMENT '职位ID',
  `org_id` varchar(100) DEFAULT NULL,
  PRIMARY KEY (`user_id`,`department_id`,`position_id`) USING BTREE,
  KEY `idx_dept_id` (`department_id`) USING BTREE
) ENGINE=InnoDB DEFAULT CHARSET=utf8mb3 ROW_FORMAT=DYNAMIC COMMENT='用户与组织和职位关联表';
/*!40101 SET character_set_client = @saved_cs_client */;

--
-- Table structure for table `st_user_role`
--

DROP TABLE IF EXISTS `st_user_role`;
/*!40101 SET @saved_cs_client     = @@character_set_client */;
/*!50503 SET character_set_client = utf8mb4 */;
CREATE TABLE `st_user_role` (
  `USER_ID` bigint NOT NULL COMMENT '用户ID',
  `ROLE_ID` bigint NOT NULL COMMENT '角色ID',
  `STATUS` char(1) CHARACTER SET utf8mb3 COLLATE utf8mb3_general_ci NOT NULL DEFAULT '0' COMMENT '状态：1.用户默认角色',
  PRIMARY KEY (`USER_ID`,`ROLE_ID`) USING BTREE,
  KEY `IDX_ST_UR_ROLE_ID` (`ROLE_ID`) USING BTREE
) ENGINE=InnoDB DEFAULT CHARSET=utf8mb3 ROW_FORMAT=DYNAMIC COMMENT='用户角色表';
/*!40101 SET character_set_client = @saved_cs_client */;

--
-- Dumping data for table `st_user_role`
--

LOCK TABLES `st_user_role` WRITE;
/*!40000 ALTER TABLE `st_user_role` DISABLE KEYS */;
INSERT INTO `st_user_role` VALUES (1,1,'1'),
(1,2,'0'),
(1,3,'0'),
(1,4,'0');
/*!40000 ALTER TABLE `st_user_role` ENABLE KEYS */;
UNLOCK TABLES;

--
-- Dumping routines for database 'ch_upms'
--
/*!40103 SET TIME_ZONE=@OLD_TIME_ZONE */;

/*!40101 SET SQL_MODE=@OLD_SQL_MODE */;
/*!40014 SET FOREIGN_KEY_CHECKS=@OLD_FOREIGN_KEY_CHECKS */;
/*!40014 SET UNIQUE_CHECKS=@OLD_UNIQUE_CHECKS */;
/*!40101 SET CHARACTER_SET_CLIENT=@OLD_CHARACTER_SET_CLIENT */;
/*!40101 SET CHARACTER_SET_RESULTS=@OLD_CHARACTER_SET_RESULTS */;
/*!40101 SET COLLATION_CONNECTION=@OLD_COLLATION_CONNECTION */;
/*!40111 SET SQL_NOTES=@OLD_SQL_NOTES */;

-- Dump completed on 2025-09-08  9:12:52
